Title,Experience,Salary,Date of Salary,What Is your Company,Work Type,Work Hour,City of Company site,Amount,Currency,Amount_EGP,category,Experience Years
.Net Developer,6 months,13000,7/18/2025 0:00,Egyption,On Site,Full Time,Cairo,13000,EGP,13000,Backend,0.5
.Net Developer,2,400 USD,7/7/2025 0:00,Not Egyption and site out of egypt,Remotley,Full Time,Riyadh ,400,USD,19416,Backend,2
.Net Developer,6,1200 usd,7/16/2025 0:00,Not Egyption but site in egypt,Remotley,Full Time,Cairo,1200,USD,58248,Backend,6
.Net Developer,8month,10,7/17/2025 0:00,Egyption,Remotley,Full Time,Tanta,10000,EGP,10000,Backend,0.5
.Net Developer,7 months,15000,6/1/2025 0:00,Egyption,On Site,Full Time,Giza ,15000,EGP,15000,Backend,0.5
.Net Developer,15,90000 EGP,7/27/2025 0:00,Not Egyption but site in egypt,On Site,Full Time,Cairo,90000,EGP,90000,Backend,15
.Net Developer,0,10000,6/1/2025 0:00,Egyption,On Site,Full Time,Cairo,10000,EGP,10000,Backend,0
.Net Developer,6 mo,17k,7/16/2025 0:00,Egyption,Hybird,Full Time,Cairo ,17000,EGP,17000,Backend,0.5
.Net Developer,1,12000,8/3/2025 0:00,Egyption,Hybird,Full Time,Cairo ,12000,EGP,12000,Backend,1
.Net Developer,1,14000,1/1/2025 0:00,Egyption,Remotley,Full Time,cairo,14000,EGP,14000,Backend,1
.Net Developer,1,14000,1/1/2025 0:00,Egyption,Remotley,Full Time,Madint Nasr,14000,EGP,14000,Backend,1
.Net Developer,2,8000,7/1/2025 0:00,Egyption,Hybird,Full Time,,8000,EGP,8000,Backend,2
.Net Developer,2,12000,9/1/2024 0:00,Not Egyption but site in egypt,Remotley,Full Time,Cairo,12000,EGP,12000,Backend,2
.Net Developer,1.8,14000,12/1/2023 0:00,Egyption,On Site,Full Time,Mansoura,14000,EGP,14000,Backend,2
.Net Developer,2,20000,6/15/2025 0:00,Egyption,On Site,Full Time,giza,20000,EGP,20000,Backend,2
.Net Developer,2,25000,7/31/2025 0:00,Egyption,On Site,Full Time,Cairo,25000,EGP,25000,Backend,2
.Net Developer,2,30k,1/1/2025 0:00,Egyption,Hybird,Full Time,Alexandria,30000,EGP,30000,Backend,2
.Net Developer,2,32000,12/1/2024 0:00,Not Egyption but site in egypt,On Site,Full Time,Cairo,32000,EGP,32000,Backend,2
.Net Developer,2,35k,5/22/2025 0:00,Egyption,Hybird,Full Time,Giza,35000,EGP,35000,Backend,2
.Net Developer,2,40000,3/1/2025 0:00,Not Egyption but site in egypt,On Site,Full Time,cairo,40000,EGP,40000,Backend,2
.Net Developer,2.5,20k,6/22/2025 0:00,Egyption,Hybird,Full Time,cairo,20000,EGP,20000,Backend,2.5
.Net Developer,3,12000,3/1/2025 0:00,Egyption,On Site,Full Time,Mansoura,12000,EGP,12000,Backend,3
.Net Developer,3,22500,7/17/2025 0:00,Egyption,Hybird,Full Time,Cairo,22500,EGP,22500,Backend,3
.Net Developer,5,25k,5/1/2025 0:00,Egyption,On Site,Full Time,Cairo,25000,EGP,25000,Backend,5
.Net Developer,5,40 k,7/16/2025 0:00,Egyption,Remotley,Full Time,,40000,EGP,40000,Backend,5
.Net Developer,5,50000,6/30/2025 0:00,Not Egyption but site in egypt,Hybird,Full Time,Giza,50000,EGP,50000,Backend,5
.Net Developer,5,64000,7/28/2025 0:00,Egyption,Hybird,Full Time,Cairo,64000,EGP,64000,Backend,5
.Net Developer,5,100000,1/1/2025 0:00,Egyption,Remotley,Full Time,,100000,EGP,100000,Backend,5
.Net Developer,6,50000,1/1/2025 0:00,Not Egyption but site in egypt,Remotley,Full Time,Cairo,50000,EGP,50000,Backend,6
.Net Developer,6,60000,7/16/2025 0:00,Not Egyption but site in egypt,Remotley,Full Time,Cairo,60000,EGP,60000,Backend,6
.Net Developer,Less than a year,12000,7/15/2025 0:00,Egyption,On Site,Full Time,Alexandria,12000,EGP,12000,Backend,0
.Net Developer,Fresh,12000,10/10/2024 0:00,Not Egyption but site in egypt,On Site,Full Time,Cairo,12000,EGP,12000,Backend,0
.Net Developer,1.5 years,14000 EGP,6/1/2025 0:00,Egyption,Remotley,Full Time,Cairo,14000,EGP,14000,Backend,1.5
.Net Developer,2,20000,1/1/2025 0:00,Not Egyption and site out of egypt,Remotley,Full Time,Al Riyadh,20000,EGP,20000,Backend,2
.Net Developer,Less than a year,1000 usd,1/3/2025 0:00,Not Egyption but site in egypt,Remotley,Full Time,Kuwait,1000,USD,48540,Backend,0
Accountant,1,7000,8/5/2025 0:00,Egyption,On Site,Full Time,6th October Giza,7000,EGP,7000,Other,1
Accountant,1.5,11.5,6/25/2025 0:00,Egyption,On Site,Full Time,Cairo,11500,EGP,11500,Other,1.5
Admin Officer,1,7500,7/17/2025 0:00,Egyption,On Site,Full Time,Ten's of Ramadan ,7500,EGP,7500,Other,1
Advanced Services Engineer,3,30,8/23/2025 0:00,Not Egyption but site in egypt,On Site,Full Time,Cairo,30000,EGP,30000,Other,3
Ai Engineer,< 1,10000,2/15/2025 0:00,Egyption,Hybird,Full Time,e& Egypt,10000,EGP,10000,Data-Science,1
Ai Engineer,1,25000,1/1/2025 0:00,Not Egyption but site in egypt,Hybird,Full Time,"Cairo, Maadi",25000,EGP,25000,Data-Science,1
Ai Engineer,0,30000,9/1/2025 0:00,Egyption,On Site,Full Time,cairo,30000,EGP,30000,Data-Science,0
Ai Engineer,1,17000,2/17/2025 0:00,Egyption,Hybird,Full Time,Cairo,17000,EGP,17000,Data-Science,1
Ai Engineer,1,25000,6/1/2025 0:00,Egyption,Remotley,Full Time,Cairo,25000,EGP,25000,Data-Science,1
Ai Engineer,1,30000,1/25/2025 0:00,Egyption,On Site,Full Time,cairo,30000,EGP,30000,Data-Science,1
Ai Engineer,1.5,38000,7/1/2025 0:00,Egyption,On Site,Full Time,Cairo,38000,EGP,38000,Data-Science,1.5
Ai Engineer,4,30k,7/1/2025 0:00,Not Egyption but site in egypt,On Site,Full Time,Cairo,30000,EGP,30000,Data-Science,4
Ai Engineer,4,1150,1/1/2025 0:00,Not Egyption but site in egypt,On Site,Full Time,Giza,1150,USD,55821,Data-Science,4
Ai Engineer,4,57000,1/1/2025 0:00,Not Egyption but site in egypt,On Site,Full Time,Giza,57000,EGP,57000,Data-Science,4
Ai Engineer,4,60000,10/1/2025 0:00,Not Egyption but site in egypt,Hybird,Full Time,Cairo,60000,EGP,60000,Data-Science,4
Ai Engineer,0,4000,7/21/2025 0:00,Not Egyption but site in egypt,On Site,Full Time,Cairo,4000,EGP,4000,Data-Science,0
Ams Layout Design Engineer,5 months,1000$ gross,7/22/2025 0:00,Egyption,Hybird,Full Time,cairo,1000,USD,48540,Other,0.5
Android Developer,2,25k,7/18/2025 0:00,Egyption,Hybird,Full Time,Cairo 5th settlement ,25000,EGP,25000,Mobile,2
Android Developer,0,8000,5/1/2025 0:00,Egyption,Remotley,Part Time,Mansoura,8000,EGP,8000,Mobile,0
Android Developer,6 months,10000,7/1/2025 0:00,Egyption,On Site,Full Time,cairo,10000,EGP,10000,Mobile,0.5
Android Developer,1,15,9/6/2024 0:00,Egyption,Remotley,Full Time,Cairo,15000,EGP,15000,Mobile,1
Android Developer,1,25 K,7/18/2025 0:00,Egyption,Hybird,Full Time,Cairo,25000,EGP,25000,Mobile,1
Android Developer,1,30000,8/5/2025 0:00,Egyption,Hybird,Full Time,"Smart Village, Giza, Egypt",30000,EGP,30000,Mobile,1
Android Developer,1.5,25k,8/5/2025 0:00,Egyption,Hybird,Full Time,Cairo,25000,EGP,25000,Mobile,1.5
Android Developer,2,40K,7/1/2025 0:00,Not Egyption but site in egypt,On Site,Full Time,Cairo,40000,EGP,40000,Mobile,2
Android Developer,2.5,40000,1/1/2025 0:00,Not Egyption but site in egypt,Hybird,Full Time,Cairo,40000,EGP,40000,Mobile,2.5
Android Developer,4,70000,4/1/2025 0:00,Not Egyption but site in egypt,Hybird,Full Time,Cairo ,70000,EGP,70000,Mobile,4
Android Developer,5,80000,8/1/2025 0:00,Not Egyption and site out of egypt,Remotley,Full Time,,80000,EGP,80000,Mobile,5
Android Developer,6,65,5/1/2025 0:00,Not Egyption but site in egypt,Hybird,Full Time,Alexandria ,65000,EGP,65000,Mobile,6
Android Developer,6,1602 USD,7/17/2025 0:00,Not Egyption but site in egypt,Remotley,Full Time,Riyadh,1602,USD,77761.08,Mobile,6
Android Developer,10,2250 usd,7/17/2023 0:00,Not Egyption but site in egypt,Hybird,Full Time,Cairo,2250,USD,109215,Mobile,10
Android Developer,8,3000 USD,5/17/2025 0:00,Not Egyption and site out of egypt,Remotley,Full Time,Saudi Arabia,3000,USD,145620,Mobile,8
Android Developer ,3 months,6000,7/21/2025 0:00,Egyption,Hybird,Full Time,cairo,6000,EGP,6000,Mobile,0
Angular Developer,1,9000,8/17/2024 0:00,Egyption,Remotley,Full Time,,9000,EGP,9000,Frontend,1
Application Support,3,22500,4/1/2025 0:00,Egyption,Hybird,Full Time,Cairo,22500,EGP,22500,Mobile,3
Application Support ,1.5,14500,7/28/2025 0:00,Egyption,On Site,Full Time,Cairo,14500,EGP,14500,Mobile,1.5
Application Support ,5,22000,4/7/2025 0:00,Egyption,Hybird,Full Time,Cairo,22000,EGP,22000,Mobile,5
Associate Android Software Engineer,1,30000,7/21/2025 0:00,Egyption,Hybird,Full Time,Cairo ,30000,EGP,30000,Mobile,1
Associate Cybersecurity Consultant,2,40000,7/17/2025 0:00,Not Egyption but site in egypt,Hybird,Full Time,cairo,40000,EGP,40000,Security,2
Automation Tester,9,2000 usd,7/1/2025 0:00,Egyptian and site out of Egypt ,Remotley,Full Time,cairo ,2000,USD,97080,Testing,9
Automotive Embedded Software Test Engineer,4,75000,6/26/2025 0:00,Not Egyption but site in egypt,Hybird,Full Time,,75000,EGP,75000,Embedded,4
Back End,2,25000,8/3/2024 0:00,Egyption,Hybird,Full Time,Cairo,25000,EGP,25000,Backend,2
Back End Developer,1.5,6000,7/7/2025 0:00,Egyption,Remotley,Full Time,Cairo,6000,EGP,6000,Backend,1.5
Back End Developer,2,20000,7/1/2025 0:00,Egyption,Remotley,Full Time,cairo,20000,EGP,20000,Backend,2
Back End Developer,3,30000,7/1/2025 0:00,Egyption,Remotley,Full Time,cairo,30000,EGP,30000,Backend,3
Back End Developer,6,58000,7/16/2025 0:00,Egyption,Hybird,Full Time,Cairo,58000,EGP,58000,Backend,6
Back End Engineer Php Laravel,2.5,24200,8/2/2025 0:00,Not Egyption but site in egypt,On Site,Full Time,Cairo,24200,EGP,24200,Backend,2.5
Back End Php Developer,2,600 $,7/1/2025 0:00,Egyption,Remotley,Full Time,Giza,600,USD,29124,Backend,2
Backend ( Php ),4,1200$,1/1/2025 0:00,Not Egyption and site out of egypt,Remotley,Full Time,Dubai,1200,USD,58248,Backend,4
"Backend And Devops Engineer (Nodejs, Java, Aws, Terraform)",3,42000,7/23/2025 0:00,Fully remote operations,Remotley,Full Time,,42000,EGP,42000,Backend,3
Backend Developer,2,28000,11/20/2024 0:00,Egyption,Hybird,Full Time,cairo,28000,EGP,28000,Backend,2
Backend Developer,1,3000,7/1/2025 0:00,Egyption,Remotley,Part Time,"Maadi, Cairo",3000,EGP,3000,Backend,1
Backend Developer,1,20000,7/21/2025 0:00,Egyption,Hybird,Full Time,Giza,20000,EGP,20000,Backend,1
Backend Developer,1,36000,7/28/2025 0:00,Egyption,Hybird,Full Time,Cairo ,36000,EGP,36000,Backend,1
Backend Developer,2,10000,7/1/2025 0:00,Egyption,On Site,Full Time,tanta,10000,EGP,10000,Backend,2
Backend Developer,2,18000,6/1/2025 0:00,Egyption,Hybird,Full Time,New cairo,18000,EGP,18000,Backend,2
Backend Developer,2,23000,7/1/2025 0:00,Egyption,Hybird,Full Time,Cairo,23000,EGP,23000,Backend,2
Backend Developer,2.5,30000,1/3/2025 0:00,Egyption,Remotley,Full Time,Cairo,30000,EGP,30000,Backend,2.5
Backend Developer,3,34000,7/1/2025 0:00,Egyption,On Site,Full Time,Cairo,34000,EGP,34000,Backend,3
Backend Developer,3,50000,7/18/2025 0:00,Egyption,Hybird,Full Time,Cairo,50000,EGP,50000,Backend,3
Backend Developer,5,60000,7/16/2025 0:00,Not Egyption and site out of egypt,Remotley,Full Time,Jordan ,60000,EGP,60000,Backend,5
Backend Developer,5,80000,7/1/2025 0:00,Egyption,Hybird,Full Time,Cairo,80000,EGP,80000,Backend,5
Backend Developer - Php Laravel,1,25000 EGP,2/16/2025 0:00,Egyption,Hybird,Full Time,Cairo,25000,EGP,25000,Backend,1
Backend Developer (Django+Nestjs),2,200$,7/19/2025 0:00,Egyption,Remotley,Full Time,Cairo,200,USD,9708,Backend,2
Backend Developer Php Laravel,1.5,20000,1/1/2020 0:00,Egyption,Hybird,Full Time,,20000,EGP,20000,Backend,1.5
Backend Developer Php/Laravel,1.5,13500,7/1/2025 0:00,Egyption,Hybird,Full Time,"Digla, Maadi",13500,EGP,13500,Backend,1.5
Backend Engineer,2,45000,1/1/2025 0:00,Egyption,On Site,Full Time,Giza,45000,EGP,45000,Backend,2
Backend Engineer,2,45000,1/1/2025 0:00,Egyption,On Site,Full Time,Giza,45000,EGP,45000,Backend,2
Backend Engineer,4,80000,3/5/2025 0:00,Egyption,Hybird,Part Time,Cairo ,80000,EGP,80000,Backend,4
Backend Engineer,5,2200 USD,8/7/2025 0:00,Not Egyption and site out of egypt,Remotley,Full Time,KSA,2200,USD,106788,Backend,5
Backend Engineer,9,3500 USD,7/1/2025 0:00,Not Egyption and site out of egypt,Remotley,Full Time,,3500,USD,169890,Backend,9
Backend Engineer Node.Js,2,20000,3/2/2025 0:00,Egyption,Hybird,Full Time,Cairo,20000,EGP,20000,Backend,2
Backend Node.Js Developer,1,20k,7/17/2025 0:00,Egyption,Hybird,Full Time,Cairo,20000,EGP,20000,Backend,1
Backend Software Engineer,3,80000,2/28/2025 0:00,Egyption,Hybird,Full Time,Cairo,80000,EGP,80000,Backend,3
Backend Software Engineer,4,"40,000 EGP",7/17/2025 0:00,Egyption,Hybird,Full Time,Cairo,40000,EGP,40000,Backend,4
Backend Web Deceloper,1,31000,1/1/2025 0:00,Not Egyption but site in egypt,Hybird,Full Time,"Cairo, Dubai",31000,EGP,31000,Backend,1
Bi & Data Engineer Specialist,6,50k,1/1/2025 0:00,Egyption,Remotley,Full Time,Cairo,50000,EGP,50000,Analyst,6
Bi Analyst,2,27000,7/18/2025 0:00,Egyption,Hybird,Full Time,Cairo ,27000,EGP,27000,Analyst,2
Bi Analyst,4,23000,7/28/2025 0:00,Not Egyption but site in egypt,Remotley,Full Time,Cairo,23000,EGP,23000,Analyst,4
Bi Engineer,2,32000,6/28/2025 0:00,Not Egyption but site in egypt,Hybird,Full Time,,32000,EGP,32000,Analyst,2
Bi Engineer,4,51678,6/26/2025 0:00,Not Egyption but site in egypt,Hybird,Full Time,Cairo,51678,EGP,51678,Analyst,4
Bi Engineer,5,38000,6/1/2025 0:00,Egyption,Remotley,Full Time,Cairo ,38000,EGP,38000,Analyst,5
Bigdata Engineer,1,30000,8/3/2025 0:00,Egyption,Hybird,Full Time,cairo,30000,EGP,30000,Analyst,1
Billing Analyst,6,24400,7/27/2025 0:00,Not Egyption but site in egypt,Hybird,Full Time,Egypt;UK;Germany;India;Hungarian;Romania;Turkey,24400,EGP,24400,Analyst,6
Bioinformatics Engineer,3,13000,8/2/2025 0:00,Not Egyption but site in egypt,Hybird,Full Time,Cairo AUC,13000,EGP,13000,Analyst,3
Biomedical Engineer,3,23000,8/1/2025 0:00,Not Egyption but site in egypt,On Site,Full Time,"Cairo, Head office in Riyadh ",23000,EGP,23000,Analyst,3
Broadcast Engineer,0 (3 months),12000,7/20/2025 0:00,Egyption,On Site,Full Time,Cairo,12000,EGP,12000,IT,0
Business Analyst,1.5,25000,7/17/2025 0:00,Egyption,Remotley,Full Time,Riyadh ,25000,EGP,25000,Analyst,1.5
Business Developer,4,8000,5/13/2025 0:00,Egyption,On Site,Full Time,Alexandria,8000,EGP,8000,Analyst,4
C# & Go Developer,9,40000,6/1/2025 0:00,Egyption,On Site,Full Time,Cairo,40000,EGP,40000,Other,9
C# & Go Developer,9,40,6/1/2025 0:00,Egyption,On Site,Full Time,Cairo,40000,EGP,40000,Other,9
"C, Cpp Developer",2,24000,5/4/2025 0:00,Egyption,On Site,Full Time,Cairo ,24000,EGP,24000,Other,2
C/C++,1,22000,6/1/2025 0:00,Egyption,Hybird,Full Time,Cairo,22000,EGP,22000,Other,1
C++ Engineer,3,1k$,7/17/2025 0:00,Egyption,Remotley,Full Time,GA,1000,USD,48540,Other,3
C++ Engineer,8,140000,3/1/2023 0:00,Not Egyption but site in egypt,Hybird,Full Time,Cairo,140000,EGP,140000,Other,8
C++ Engineer,10,180k egp per month,8/1/2025 0:00,Not Egyption but site in egypt,Remotley,Full Time,Cairo,180000,EGP,180000,Other,10
C++ Software Engineer,1,20000,7/1/2025 0:00,Egyption,Remotley,Full Time,Georgia,20000,EGP,20000,Other,1
C++ Software Engineer,1.5,27750,7/1/2025 0:00,Egyption,Remotley,Full Time,Cairo,27750,EGP,27750,Other,1.5
Civil Estimation Engineer,10,42000,7/30/2025 0:00,Egyption,On Site,Full Time,Cairo,42000,EGP,42000,Engineering,10
Clinical Engineer,1,5000,7/21/2024 0:00,Egyption,On Site,Full Time,Cairo ,5000,EGP,5000,Biomedical,1
Cloud Administrator,3,28000,1/1/2025 0:00,Egyption,Hybird,Full Time,Cairo,28000,EGP,28000,DevOps-MLOps,3
Cloud Devops Engineer,3,47100 Net,7/16/2025 0:00,Not Egyption but site in egypt,Hybird,Full Time,Cairo,47100,EGP,47100,DevOps-MLOps,3
Cloud Engineer,3,42000,6/17/2025 0:00,Not Egyption but site in egypt,Hybird,Full Time,Cairo,42000,EGP,42000,DevOps-MLOps,3
Cluster Revenue Analyst,3 years,1,7/17/2025 0:00,Egyption,On Site,Full Time,Cairo,1000,USD,48540,Analyst,3
Coding Instructor,<1,15800,7/1/2001 0:00,Egyption,Remotley,Full Time,Cairo,15800,EGP,15800,Other,1
Communication And Electronic Engineer,Fresh graduate (1 year),9000,7/16/2025 0:00,Egyption,On Site,Full Time,Cairo ,9000,EGP,9000,IT,0
Computer Vision Engineer,1,18000,7/26/2025 0:00,Egyption,On Site,Full Time,,18000,EGP,18000,Data-Science,1
Computer Vision Engineer,1,30000,7/25/2025 0:00,Egyption,Hybird,Full Time,Cairo,30000,EGP,30000,Data-Science,1
Computer Vision Engineer,2,30000,7/16/2025 0:00,Egyption,Remotley,Full Time,Cairo,30000,EGP,30000,Data-Science,2
Construction Manager,17,65000,1/1/2025 0:00,Egyption,On Site,Full Time,Cairo ,65000,EGP,65000,Other,17
Control Engineer,1,Net - 14000 EGP,6/20/2025 0:00,Egyption,On Site,Full Time,Cairo,14000,EGP,14000,Engineering,1
Core Banking Specialist Agriculture,3,10500,7/17/2025 0:00,Ag,On Site,Full Time,Cairo ,10500,EGP,10500,Other,3
Cost Control Engineer,4,28500,7/31/2025 0:00,Egyption,On Site,Full Time,"New Cairo, Egypt",28500,EGP,28500,Engineering,4
Crm Consultant,2,"15500 Egp , (in Riyadh) 7500 SAR",7/17/2025 0:00,Not Egyption and site out of egypt,On Site,Full Time,Riyadh,15500,EGP,15500,Other,2
Crm D365 Developer,0,12000,7/17/2025 0:00,Egyption,Remotley,Full Time,Giza,12000,EGP,12000,Other,0
Crm Developer,1,15000,7/17/2025 0:00,Egyption,Hybird,Full Time,Cairo,15000,EGP,15000,Other,1
Crm Developer,3,40000,1/1/2025 0:00,Egyption,Hybird,Full Time,"Cairo, Riyadh",40000,EGP,40000,Other,3
Crm Developer,4,40000,7/28/2025 0:00,Egyption,Remotley,Full Time,Cairo ,40000,EGP,40000,Other,4
Cto,18,3800EUR,7/18/2025 0:00,Not Egyption but site in egypt,On Site,Full Time,Cairo,3800,EUR,214662,Other,18
Customer Service Specialist,5,20000,2/1/2025 0:00,Not Egyption but site in egypt,Hybird,Full Time,Giza,20000,EGP,20000,IT,5
Cybersecurity Presales Engineer,1,20000,7/1/2025 0:00,Egyption,Remotley,Full Time,"Cairo, Egypt",20000,EGP,20000,Security,1
D365 Fo Dev,10,1900 usd,7/16/2025 0:00,Not Egyption but site in egypt,Remotley,Full Time,,1900,USD,92226,Other,10
Data & Ai Engineer,1,30000,7/17/2025 0:00,Egyption,Hybird,Full Time,Cairo,30000,EGP,30000,Data-Science,1
Data & Ai Engineer,1,7500 AED ,3/1/2025 0:00,Not Egyption but site in egypt,On Site,Full Time,Cairo,7500,AED,99150,Data-Science,1
Data Admin,3,34k,7/25/2025 0:00,Egyption,Hybird,Full Time,Cairo,34000,EGP,34000,Data-Science,3
Data Analysis Instructor,2,18000,6/1/2025 0:00,Egyption,On Site,Full Time,Cairo,18000,EGP,18000,Data-Science,2
Data Analyst,5,30000,7/1/2025 0:00,Egyption,On Site,Full Time,cairo,30000,EGP,30000,Analyst,5
Data Analyst,1,6500,6/25/2025 0:00,Egyption,Hybird,Full Time,Maadi ,6500,EGP,6500,Data-Science,1
Data Analyst,1,7800,6/1/2025 0:00,Egyption,Hybird,Full Time,Cairo,7800,EGP,7800,Data-Science,1
Data Analyst,1,8500,7/1/1996 0:00,Egyption,On Site,Full Time,Giza,8500,EGP,8500,Data-Science,1
Data Analyst,1,10000,7/21/2025 0:00,Not Egyption but site in egypt,Hybird,Full Time,California,10000,EGP,10000,Data-Science,1
Data Analyst,1,12000,7/16/2025 0:00,Not Egyption but site in egypt,On Site,Full Time,Cairo ,12000,EGP,12000,Data-Science,1
Data Analyst,1,12000,6/1/2025 0:00,Egyption,On Site,Full Time,Cairo,12000,EGP,12000,Data-Science,1
Data Analyst,1,15000,8/1/2025 0:00,Egyption,On Site,Full Time,New Cairo,15000,EGP,15000,Data-Science,1
Data Analyst,1,18k EGP,7/16/2025 0:00,Egyption,On Site,Part Time,cairo,18000,EGP,18000,Data-Science,1
Data Analyst,1,20000,6/1/2025 0:00,Egyption,Hybird,Full Time,Cairo,20000,EGP,20000,Data-Science,1
Data Analyst,1.5,14000,7/17/2025 0:00,Egyption,On Site,Full Time,Cairo,14000,EGP,14000,Data-Science,1.5
Data Analyst,2,7k,6/30/2025 0:00,Egyption,On Site,Full Time,Mansoura,7000,EGP,7000,Data-Science,2
Data Analyst,2,9000,7/31/2025 0:00,Egyption,Hybird,Part Time,Cairo,9000,EGP,9000,Data-Science,2
Data Analyst,2,13,7/15/2025 0:00,Egyption,On Site,Full Time,"Alexandria , Borg Alarab",13000,EGP,13000,Data-Science,2
Data Analyst,2,22,7/16/2025 0:00,Egyption,On Site,Full Time,Cairo ,22000,EGP,22000,Data-Science,2
Data Analyst,2,24000,10/1/2024 0:00,Egyption,On Site,Full Time,cairo,24000,EGP,24000,Data-Science,2
Data Analyst,2,35000,4/15/2025 0:00,Not Egyption but site in egypt,Hybird,Full Time,Cairo,35000,EGP,35000,Data-Science,2
Data Analyst,2.5,32000,1/1/2025 0:00,Egyption,Hybird,Full Time,Cairo,32000,EGP,32000,Data-Science,2.5
Data Analyst,3,80000,2/1/2025 0:00,Not Egyption but site in egypt,Remotley,Full Time,Dubai,80000,EGP,80000,Data-Science,3
Data Analyst,4,27500,6/30/2025 0:00,Egyption,Remotley,Full Time,Cairo,27500,EGP,27500,Data-Science,4
Data Analyst,5,30000,6/30/2025 0:00,Egyption,On Site,Full Time,Cairo ,30000,EGP,30000,Data-Science,5
Data Analyst,6,1470 USD,7/25/2025 0:00,Not Egyption but site in egypt,Remotley,Full Time,Riyadh,1470,USD,71353.8,Data-Science,6
Data Analyst,8,35,7/17/2025 0:00,Egyption,On Site,Full Time,Cairo,35000,EGP,35000,Data-Science,8
Data Analyst,1,16000,7/22/2025 0:00,Egyption,Hybird,Full Time,Cairo,16000,EGP,16000,Data-Science,1
Data Analyst Purchasing,2,42000,7/16/2025 0:00,Not Egyption but site in egypt,Hybird,Full Time,Germany,42000,EGP,42000,Data-Science,2
Data Analytics Consultant,4,50000,1/1/2025 0:00,Not Egyption but site in egypt,Hybird,Full Time,"Cairo, multinational HQ Itlay",50000,EGP,50000,Data-Science,4
Data Analytics Engineer,3,55000,7/1/2025 0:00,Not Egyption but site in egypt,Hybird,Full Time,New Cairo,55000,EGP,55000,Data-Science,3
Data Center Engineer,1,15,7/17/2025 0:00,Egyption,Hybird,Full Time,Cairo,15000,EGP,15000,Data-Science,1
Data Engineed,4,70000,7/1/2025 0:00,Egyption,Hybird,Full Time,Cairo,70000,EGP,70000,Data-Science,4
Data Engineer,0,15000,7/1/2025 0:00,Egyption,Hybird,Full Time,Cairo ,15000,EGP,15000,Data-Science,0
Data Engineer,1,22000,3/1/2025 0:00,Egyption,Hybird,Full Time,Cairo,22000,EGP,22000,Data-Science,1
Data Engineer,1,30000,7/17/2025 0:00,Not Egyption but site in egypt,Remotley,Full Time,6-Oct,30000,EGP,30000,Data-Science,1
Data Engineer,1,30000,8/1/2025 0:00,Not Egyption but site in egypt,Remotley,Full Time,,30000,EGP,30000,Data-Science,1
Data Engineer,2,600 $,7/16/2025 0:00,Not Egyption and site out of egypt,Remotley,Full Time,ksa,600,USD,29124,Data-Science,2
Data Engineer,2,32000,7/1/2025 0:00,Egyption,Hybird,Full Time,Cairo,32000,EGP,32000,Data-Science,2
Data Engineer,2,660 USD,6/1/2025 0:00,Not Egyption and site out of egypt,Remotley,Full Time,Dubia,660,USD,32036.4,Data-Science,2
Data Engineer,2,37000,7/19/2025 0:00,Egyption,Hybird,Full Time,Cairo,37000,EGP,37000,Data-Science,2
Data Engineer,2,40000,8/3/2025 0:00,Not Egyption but site in egypt,Hybird,Full Time,cairo,40000,EGP,40000,Data-Science,2
Data Engineer,3,55000,7/25/2025 0:00,Not Egyption but site in egypt,Hybird,Full Time,Cairo,55000,EGP,55000,Data-Science,3
Data Engineer,3,57000,7/18/2025 0:00,Egyption,Hybird,Full Time,Cairo,57000,EGP,57000,Data-Science,3
Data Engineer,3,58000,7/16/2025 0:00,Not Egyption but site in egypt,Hybird,Full Time,Cairo,58000,EGP,58000,Data-Science,3
Data Engineer,3,100000 EGP,1/23/2025 0:00,Not Egyption but site in egypt,Hybird,Full Time,Cairo,100000,EGP,100000,Data-Science,3
Data Engineer,4,55000 egp net,7/16/2025 0:00,Egyption,Hybird,Full Time,Cairo,55000,EGP,55000,Data-Science,4
Data Engineer,4,70000,3/1/2025 0:00,Not Egyption but site in egypt,Hybird,Full Time,France bank,70000,EGP,70000,Data-Science,4
Data Engineer,4,80k,6/1/2025 0:00,Not Egyption but site in egypt,Hybird,Full Time,France,80000,EGP,80000,Data-Science,4
Data Engineer,4,130000,7/16/2025 0:00,Not Egyption and site out of egypt,On Site,Full Time,Riyadh,130000,EGP,130000,Data-Science,4
Data Engineer,5,40000,4/1/2025 0:00,Egyption,Remotley,Full Time,Cairo,40000,EGP,40000,Data-Science,5
Data Engineer,3 months till now,15k,9/4/2001 0:00,Egyption,On Site,Full Time,cairo,15000,EGP,15000,Data-Science,0
Data Engineer,3 months,15k,6/27/2025 0:00,Egyption,On Site,Full Time,cairo,15000,EGP,15000,Data-Science,0
Data Engineering,0,15000,7/17/2025 0:00,Egyption,On Site,Full Time,New Cairo ,15000,EGP,15000,Data-Science,0
Data Management Engineer,5,13100,1/1/2025 0:00,Egyption,On Site,Full Time,Cairo,13100,EGP,13100,Data-Science,5
Data Management Specialist,2,36000,7/1/2025 0:00,Egyption,Hybird,Full Time,Cairo,36000,EGP,36000,Data-Science,2
Data Modeler,2, Net:35K,7/20/2025 0:00,Egyption,Hybird,Full Time,Cairo ,35000,EGP,35000,Data-Science,2
Data Production Analyst,1,12500,7/16/2025 0:00,Not Egyption but site in egypt,Hybird,Full Time,Cairo,12500,EGP,12500,Data-Science,1
Data Scientist,1,27000,5/25/2025 0:00,Egyption,On Site,Full Time,Cairo,27000,EGP,27000,Data-Science,1
Data Scientist,2,55000,7/1/2025 0:00,Not Egyption but site in egypt,Remotley,Full Time,Dubai,55000,EGP,55000,Data-Science,2
Data Scientist,2.5,37000,7/25/2025 0:00,Egyption,On Site,Full Time,October ,37000,EGP,37000,Data-Science,2.5
Data Scientist,2.5,60000,9/1/2025 0:00,Not Egyption but site in egypt,Depends On Project ,Full Time,"Cairo, Dubai, Morocco and 2 other sites",60000,EGP,60000,Data-Science,2.5
Data Scientist,3,30000,7/18/2025 0:00,Egyption,On Site,Full Time,,30000,EGP,30000,Data-Science,3
Data Scientist,3,48000,7/27/2025 0:00,Not Egyption but site in egypt,On Site,Full Time,Marsa Alam,48000,EGP,48000,Data-Science,3
Data Scientist,3,81000,1/1/2025 0:00,Not Egyption but site in egypt,Hybird,Full Time,Cairo,81000,EGP,81000,Data-Science,3
Data Scientist,4,50000,7/17/2025 0:00,Egyption,On Site,Full Time,,50000,EGP,50000,Data-Science,4
Data Scientist,4,95000,7/19/2025 0:00,Not Egyption and site out of egypt,Hybird,Full Time,Riyadh,95000,EGP,95000,Data-Science,4
Data Scientist,4,100000,7/16/2025 0:00,Egyption,Hybird,Full Time,Cairo,100000,EGP,100000,Data-Science,4
Data Scientist & Generative Ai Engineer,1,18000,5/1/2025 0:00,Egyption,Hybird,Full Time,New Cairo ,18000,EGP,18000,Data-Science,1
Data Visualization,0.75,8000,7/16/2025 0:00,Not Egyption but site in egypt,On Site,Full Time,"Cairo, Saudia ",8000,EGP,8000,Data-Science,1
Data Visualization Analyst,1,13000,1/1/2025 0:00,Egyption,Remotley,Full Time,Cairo,13000,EGP,13000,Data-Science,1
Database Administrator,13,60k,7/17/2025 0:00,Egyption,On Site,Full Time,Cairo ,60000,EGP,60000,Data-Science,13
Demand Planner - Retail,2,28000,6/1/2025 0:00,Egyption,Hybird,Full Time,Cairo,28000,EGP,28000,Data-Science,2
Developer (Java Springboot&& Angular ),7,1850 USD,7/1/2025 0:00,Not Egyption but site in egypt,Hybird,Full Time,Cairo,1850,USD,89799,Frontend,7
Development Team Lead,1,70000,1/1/2025 0:00,Egyption,Hybird,Full Time,Cairo,70000,EGP,70000,Data-Science,1
Devops,1,28000 Eyp,8/24/2024 0:00,Egyption,Remotley,Full Time,Cairo,28000,EGP,28000,DevOps-MLOps,1
Devops,1,35000,1/1/2025 0:00,Egyption,On Site,Full Time,,35000,EGP,35000,DevOps-MLOps,1
Devops,2,39000,6/28/2025 0:00,Not Egyption but site in egypt,Hybird,Full Time,"Cairo, Egypt",39000,EGP,39000,DevOps-MLOps,2
Devops Engineer,0,18000,5/1/2025 0:00,Egyption,Hybird,Full Time,"Cairo, Egypt",18000,EGP,18000,DevOps-MLOps,0
Devops Engineer,1,12500,6/1/2025 0:00,Egyption,Remotley,Full Time,Cairo ,12500,EGP,12500,DevOps-MLOps,1
Devops Engineer,1,16500,7/25/2025 0:00,Egyption,On Site,Full Time,Alexandria ,16500,EGP,16500,DevOps-MLOps,1
Devops Engineer,1,22000,7/1/2025 0:00,Egyption,On Site,Full Time,"Maadi, Cairo",22000,EGP,22000,DevOps-MLOps,1
Devops Engineer,1,25000,6/1/2025 0:00,Egyption,Hybird,Full Time,Cairo,25000,EGP,25000,DevOps-MLOps,1
Devops Engineer,1,40000,7/25/2025 0:00,Egyption,Remotley,Full Time,Cairo,40000,EGP,40000,DevOps-MLOps,1
Devops Engineer,1.5,500 USD without On Call Competition ,7/17/2025 0:00,Not Egyption but site in egypt,On Site,Full Time,Cairo,500,USD,24270,DevOps-MLOps,1.5
Devops Engineer,2,16000 Net,7/1/2025 0:00,Egyption,On Site,Full Time,cairo,16000,EGP,16000,DevOps-MLOps,2
Devops Engineer,2,30000,7/1/2025 0:00,Egyption,Remotley,Full Time,,30000,EGP,30000,DevOps-MLOps,2
Devops Engineer,2,60000,4/1/2025 0:00,Egyption,Hybird,Full Time,Cairo ,60000,EGP,60000,DevOps-MLOps,2
Devops Engineer,2,60000,8/1/2025 0:00,Egyption,Hybird,Full Time,Cairo,60000,EGP,60000,DevOps-MLOps,2
Devops Engineer,3,31000,7/27/2025 0:00,Egyption,Hybird,Full Time,cairo,31000,EGP,31000,DevOps-MLOps,3
Devops Engineer,3.5,42000,1/1/2025 0:00,Not Egyption but site in egypt,Hybird,Full Time,Cairo ,42000,EGP,42000,DevOps-MLOps,3.5
Devops Engineer,3.5,1500 USD,6/30/2025 0:00,Not Egyption but site in egypt,Hybird,Full Time,cairo,1500,USD,72810,DevOps-MLOps,3.5
Devops Engineer,5,31000,7/17/2025 0:00,Egyption,Hybird,Full Time,Alexandria,31000,EGP,31000,DevOps-MLOps,5
Devops Engineer,5,2000 USD,7/16/2025 0:00,Not Egyption but site in egypt,Remotley,Full Time,Cairo,2000,USD,97080,DevOps-MLOps,5
Devops Engineer,6,26000 aed,3/1/2025 0:00,Not Egyption and site out of egypt,Hybird,Full Time,Abudhabi,26000,AED,343720,DevOps-MLOps,6
Devops Enginner,2,7000SAR,7/18/2025 0:00,Egyption,On Site,Full Time,"Jeddah, Saudi Arabia",7000,SAR,90510,DevOps-MLOps,2
Devops Expert,9,65000,7/17/2025 0:00,Egyption,Hybird,Full Time,"Alexandria, Egypt ",65000,EGP,65000,DevOps-MLOps,9
Devops Infrastructure,2,62000,7/28/2025 0:00,Egyption,Hybird,Full Time,Cairo ,62000,EGP,62000,DevOps-MLOps,2
Devops/Sre,4,40000,7/17/2025 0:00,Not Egyption but site in egypt,Remotley,Full Time,Cairo,40000,EGP,40000,DevOps-MLOps,4
Dig Data Engineer,1,30000,8/3/2025 0:00,Egyption,Hybird,Full Time,cairo,30000,EGP,30000,Data-Science,1
Digital Design,8,2500$,8/6/2025 0:00,Egyption,Hybird,Full Time,Cairo,2500,USD,121350,IT,8
Dot Net Developei,8,2000 usd,3/23/2025 0:00,Not Egyption and site out of egypt,Remotley,Full Time,Ryad,2000,USD,97080,Backend,8
Dot Net Developer,5,60000,1/1/2025 0:00,Egyption,On Site,Full Time,Cairo,60000,EGP,60000,Backend,5
Dot Net Developer,6,65000,1/1/2025 0:00,Egyption,Remotley,Full Time,Cairo,65000,EGP,65000,Backend,6
Dotnet Developer,2.5,25000,1/1/2025 0:00,Egyption,Hybird,Full Time,Cairo,25000,EGP,25000,Backend,2.5
Dotnet Full Stack Developer,2,15000,7/7/2025 0:00,Egyption,Hybird,Full Time,Cairo ,15000,EGP,15000,Fullstack,2
Dynamics 356 Crm Developer,1.5,20000,7/16/2025 0:00,Not Egyption but site in egypt,Hybird,Full Time,Cairo,20000,EGP,20000,Other,1.5
Electrical Engineer,5,10500,1/1/2025 0:00,Egyption,On Site,Full Time,Suez,10500,EGP,10500,Testing,5
Electrical Maintenance Engineer,5,18000,7/19/2025 0:00,Egyption,On Site,Full Time,10th of Ramadan city,18000,EGP,18000,Data-Science,5
Email Marketing,1,30000,7/16/2025 0:00,Not Egyption but site in egypt,On Site,Full Time,Cairo ,30000,EGP,30000,Data-Science,1
Email Marketing,2,45000,7/16/2025 0:00,Not Egyption but site in egypt,On Site,Full Time,Cairo ,45000,EGP,45000,Data-Science,2
Embedded Linux Engineer,1.5,23000,3/1/2025 0:00,Not Egyption but site in egypt,On Site,Full Time,Cairo,23000,EGP,23000,Embedded,1.5
Embedded Linux Engineer,2,60000,7/17/2025 0:00,Not Egyption but site in egypt,Hybird,Full Time,Cairo,60000,EGP,60000,Embedded,2
Embedded Software Engineer,0,15800,2/1/2025 0:00,Egyption,Hybird,Full Time,new capital,15800,EGP,15800,Embedded,0
Embedded Software Engineer,2,43000,7/1/2025 0:00,Egyption,Remotley,Full Time,"Cairo, Maadi",43000,EGP,43000,Embedded,2
Embedded Software Engineer,6.5,75000,6/28/2025 0:00,Egyption,Hybird,Full Time,Cairo,75000,EGP,75000,Embedded,6.5
Embedded Software Team Leader,13,48000,7/5/2025 0:00,Egyption,On Site,Full Time,Cairo,48000,EGP,48000,Embedded,13
Embedded Sw Engineer,3,1550 USD,7/1/2025 0:00,Egyption,Hybird,Full Time,cairo,1550,USD,75237,Embedded,3
Engineering Manager,13,180000,1/1/2025 0:00,Egyption,Hybird,Full Time,Cairo,180000,EGP,180000,Other,13
Erp Developer,5,62000,7/17/2025 0:00,Egyption,Remotley,Full Time,Cairo,62000,EGP,62000,Other,5
Flutter Developer,2,25k,7/22/2025 0:00,Not Egyption and site out of egypt,Remotley,Full Time,Saudi Arabia ,25000,EGP,25000,Mobile,2
Flutter Developer,1,15000,7/18/2025 0:00,Not Egyption and site out of egypt,Remotley,Full Time,UK,15000,EGP,15000,Mobile,1
Flutter Developer,0,10000,7/27/2025 0:00,Egyption,On Site,Full Time,Cairo,10000,EGP,10000,Mobile,0
Flutter Developer,1,5000,11/11/1111,Egyption,Remotley,Full Time,cairo,5000,EGP,5000,Mobile,1
Flutter Developer,1,6000,4/9/2025 0:00,Egyption,Hybird,Full Time,Cairo,6000,EGP,6000,Mobile,1
Flutter Developer,1,8k,7/22/2025 0:00,Egyption,On Site,Full Time,Cairo,8000,EGP,8000,Mobile,1
Flutter Developer,1,300$,8/5/2025 0:00,Not Egyption but site in egypt,Remotley,Full Time,,300,USD,14562,Mobile,1
Flutter Developer,1,15000,7/1/2025 0:00,Egyption,Remotley,Full Time,Cairo,15000,EGP,15000,Mobile,1
Flutter Developer,1,20000,7/1/2025 0:00,Egyption,On Site,Full Time,Alexandria,20000,EGP,20000,Mobile,1
Flutter Developer,1.5,10500,6/1/2025 0:00,Egyption,On Site,Full Time,Saudi Arabia ,10500,EGP,10500,Mobile,1.5
Flutter Developer,1.5,20000,7/22/2025 0:00,Egyption,Remotley,Full Time,Cairo ,20000,EGP,20000,Mobile,1.5
Flutter Developer,1.5,20000,7/2/2025 0:00,Egyption,Remotley,Full Time,Cairo ,20000,EGP,20000,Mobile,1.5
Flutter Developer,2,8000,7/17/2025 0:00,Egyption,On Site,Full Time,UAE,8000,EGP,8000,Mobile,2
Flutter Developer,2,10000,4/1/2025 0:00,Egyption,Remotley,Full Time,Cairo,10000,EGP,10000,Mobile,2
Flutter Developer,2,12000,7/21/2025 0:00,Egyption,Hybird,Full Time,Alexandria,12000,EGP,12000,Mobile,2
Flutter Developer,2,14000,7/16/2025 0:00,Egyption,On Site,Full Time,cairo,14000,EGP,14000,Mobile,2
Flutter Developer,2,20000,7/5/2025 0:00,Egyption,On Site,Full Time,Giza,20000,EGP,20000,Mobile,2
Flutter Developer,2,22000,1/1/2025 0:00,Egyption,On Site,Full Time,Cairo,22000,EGP,22000,Mobile,2
Flutter Developer,2 years ,550 usd,7/1/2025 0:00,Not Egyption and site out of egypt,Remotley,Full Time,United kingdom ,550,USD,26697,Mobile,2
Flutter Developer,2,700 USD,3/1/2025 0:00,Not Egyption and site out of egypt,Remotley,Full Time,Dubai,700,USD,33978,Mobile,2
Flutter Developer,2,140 Egp ,4/1/2002 0:00,Not Egyption but site in egypt,Remote Hourly based ,Part Time,Cairo,140000,EGP,140000,Mobile,2
Flutter Developer,3,8500,7/16/2025 0:00,Egyption,Hybird,Full Time,Alexandria,8500,EGP,8500,Mobile,3
Flutter Developer,3,10000,6/1/2025 0:00,Egyption,Remotley,Full Time,cairo,10000,EGP,10000,Mobile,3
Flutter Developer,3,500 USD,7/1/2025 0:00,Not Egyption and site out of egypt,Remotley,Full Time,Canada,500,USD,24270,Mobile,3
Flutter Developer,3,35000,1/1/2025 0:00,Egyption,Remotley,Full Time,Cairo and dubai,35000,EGP,35000,Mobile,3
Flutter Developer,3,35000,2/12/1997 0:00,Not Egyption but site in egypt,Hybird,Full Time,Cairo,35000,EGP,35000,Mobile,3
Flutter Developer,3,50k,7/16/2025 0:00,Not Egyption but site in egypt,Hybird,Full Time,Lebnanon,50000,EGP,50000,Mobile,3
Flutter Developer,4,28000,6/25/2025 0:00,Egyption,On Site,Full Time,Cairo,28000,EGP,28000,Mobile,4
Flutter Developer,4,750 usd,1/1/2025 0:00,Not Egyption and site out of egypt,Remotley,Full Time,Amman Jordan ,750,USD,36405,Mobile,4
Flutter Developer,4,60000,5/1/2025 0:00,Not Egyption but site in egypt,Hybird,Full Time,Cairo,60000,EGP,60000,Mobile,4
Flutter Developer,5,21000,7/1/2025 0:00,Egyption,Remotley,Full Time,Cairo,21000,EGP,21000,Mobile,5
Flutter Developer,5,35000,7/17/2025 0:00,Not Egyption but site in egypt,On Site,Full Time,Zayed,35000,EGP,35000,Mobile,5
Flutter Developer,5,50K,1/3/2025 0:00,Egyption,Hybird,Full Time,,50000,EGP,50000,Mobile,5
Flutter Developer,5,1500$,3/1/2025 0:00,Saudi backdoor (dev team in Egypt),Hybird,Full Time,Cairo ,1500,USD,72810,Mobile,5
Flutter Developer,5,"$1,500 ",6/1/2025 0:00,Not Egyption and site out of egypt,Remotley,Full Time,US,1500,USD,72810,Mobile,5
Flutter Developer,5,2000 USD,7/22/2025 0:00,Egyption,Hybird,Full Time,,2000,USD,97080,Mobile,5
Flutter Developer,6,75k,1/31/2025 0:00,Egyption,Remotley,Full Time,,75000,EGP,75000,Mobile,6
Fp&A Associate Manager,5,"48,000 Net",11/11/1111,Not Egyption but site in egypt,Hybird,Full Time,,48000,EGP,48000,Other,5
Frontend (React And React Native),6,1200 usd+150 usd kpis/month paid every 3 month,6/15/2025 0:00,Not Egyption but site in egypt,Hybird,Full Time,Saudia,1200,USD,58248,Frontend,6
Frontend Developer,5,"$1,200 ",12/20/2024 0:00,Egyption,Remotley,Full Time,KSA,1200,USD,58248,Frontend,5
Frontend Developer,2,23500,5/4/2025 0:00,Not Egyption but site in egypt,On Site,Full Time,mohandseen giza,23500,EGP,23500,Frontend,2
Frontend Developer,1,10000,7/25/2025 0:00,Egyption,Anything ,Anything ,Alexandria ,10000,EGP,10000,Frontend,1
Frontend Developer,1,40000,7/16/2025 0:00,Not Egyption but site in egypt,Hybird,Full Time,Cairo,40000,EGP,40000,Frontend,1
Frontend Developer,2,20000,6/30/2025 0:00,Egyption,Remotley,Full Time,cairo,20000,EGP,20000,Frontend,2
Frontend Developer,6,1600 usd,7/25/2025 0:00,Not Egyption but site in egypt,On Site,Full Time,"Cairo, dubai",1600,USD,77664,Frontend,6
Frontend Developer,0,7500,7/24/2025 0:00,Egyption,Hybird,Full Time,Cairo ,7500,EGP,7500,Frontend,0
Frontend Developer,0,15000,7/24/2025 0:00,Egyption,Hybird,Full Time,Cairo,15000,EGP,15000,Frontend,0
Frontend Developer,3,18200,7/30/2025 0:00,Egyption,Remotley,Full Time,Cairo,18200,EGP,18200,Frontend,3
Frontend Developer,3,25000,7/15/2025 0:00,Not Egyption and site out of egypt,Remotley,Full Time,Sudia,25000,EGP,25000,Frontend,3
Frontend Developer,3,30000,1/5/2025 0:00,Egyption,Remotley,Full Time,Alexandria,30000,EGP,30000,Frontend,3
Frontend Developer,3,50000,1/1/2025 0:00,Egyption,Hybird,Full Time,Cairo,50000,EGP,50000,Frontend,3
Frontend Developer,6,45000,4/1/2025 0:00,Not Egyption but site in egypt,Remotley,Full Time,Canada,45000,EGP,45000,Frontend,6
Frontend Developer,1,15000,1/25/2025 0:00,Not Egyption but site in egypt,On Site,Full Time,,15000,EGP,15000,Frontend,1
Frontend Developer,2.5,7500,8/5/2025 0:00,Else,Remotley,Part Time,Cairo,7500,EGP,7500,Frontend,2.5
Frontend Developer,0.5,12000,7/1/2025 0:00,Egyption,Remotley,Full Time,cairo,12000,EGP,12000,Frontend,0.5
Frontend Developer,1,12000,7/9/2025 0:00,Egyption,Remotley,Full Time,No office ,12000,EGP,12000,Frontend,1
Frontend Developer,1,20500,2/1/2025 0:00,Egyption,Hybird,Full Time,Giza,20500,EGP,20500,Frontend,1
Frontend Developer,1.5,19250,7/16/2025 0:00,Egyption,Remotley,Full Time,Cairo ,19250,EGP,19250,Frontend,1.5
Frontend Developer,2,8000,7/30/2025 0:00,Not Egyption and site out of egypt,Remotley,Full Time,"United Kingdom, London",8000,EGP,8000,Frontend,2
Frontend Developer,2,22000,1/1/2025 0:00,Not Egyption but site in egypt,On Site,Full Time,Jiza,22000,EGP,22000,Frontend,2
Frontend Developer,2,24000,8/20/2024 0:00,Not Egyption and site out of egypt,Remotley,Full Time,Dubai,24000,EGP,24000,Frontend,2
Frontend Developer,2,500 usd,7/17/2025 0:00,Not Egyption and site out of egypt,Remotley,Full Time,Jordan ,500,USD,24270,Frontend,2
Frontend Developer,2,30000,1/1/2025 0:00,Not Egyption but site in egypt,On Site,Full Time,Cairo,30000,EGP,30000,Frontend,2
Frontend Developer,2,1200 USD,7/1/2025 0:00,Not Egyption but site in egypt,Hybird,Full Time,Cairo,1200,USD,58248,Frontend,2
Frontend Developer,3,45000,6/1/2025 0:00,Egyption,Remotley,Full Time,Cairo,45000,EGP,45000,Frontend,3
Frontend Developer,2.8,66000,4/1/2025 0:00,Egyption,Hybird,Full Time,Cairo,66000,EGP,66000,Frontend,3
Frontend Developer,4,60000,7/23/2025 0:00,Not Egyption but site in egypt,Hybird,Full Time,,60000,EGP,60000,Frontend,4
Frontend Developer,5,48500,5/5/2023 0:00,Not Egyption but site in egypt,Remotley,Full Time,,48500,EGP,48500,Frontend,5
Frontend Developer,5,1500 USD,5/1/2025 0:00,Not Egyption but site in egypt,Remotley,Full Time,Cairo,1500,USD,72810,Frontend,5
Frontend Developer,5,1550,7/29/2025 0:00,Not Egyption but site in egypt,Remotley,Full Time,cairo,1550,USD,75237,Frontend,5
Frontend Developer,6,24000,5/1/2025 0:00,Not Egyption but site in egypt,Remotley,Full Time,Riyadh,24000,EGP,24000,Frontend,6
Frontend Developer,6,100000,7/10/2025 0:00,Not Egyption but site in egypt,Remotley,Full Time,Cairo,100000,EGP,100000,Frontend,6
Frontend Developer,Less than a year ,15000,7/24/2025 0:00,Egyption,On Site,Full Time,New Cairo,15000,EGP,15000,Frontend,0
Frontend Developer,Junior,20000,7/16/2025 0:00,Not Egyption but site in egypt,Hybird,Full Time,Cairo ,20000,EGP,20000,Frontend,0
Frontend Developer,8,60000,8/10/2025 0:00,Egyption,On Site,Full Time,Alexandria,60000,EGP,60000,Frontend,8
Front-End Developer,4,35000,9/1/2024 0:00,Egyption,On Site,Full Time,Cairo,35000,EGP,35000,Frontend,4
Frontend Developer (Angular/React/Vue),3,130000,8/1/1998 0:00,Not Egyption and site out of egypt,Remotley,Full Time,Vancouver,130000,EGP,130000,Frontend,3
Front-End Developer (Native),1.5,12000,7/1/2024 0:00,Egyption,Remotley,Full Time,Cairo,12000,EGP,12000,Frontend,1.5
Frontend Developer (React/Next),2 years,12000,7/1/2025 0:00,Egyption,On Site,Full Time,"Cairo,maadi",12000,EGP,12000,Frontend,2
Frontend Developer Iii,2,40000,10/27/2024 0:00,Egyption,Hybird,Full Time,Cairo,40000,EGP,40000,Frontend,2
Frontend Developer React,1,8000,12/10/2024 0:00,Egyption,Hybird,Part Time,Cairo ,8000,EGP,8000,Frontend,1
Frontend Developer React,6 month,8000,7/1/2025 0:00,Egyption,Remotley,Part Time,Cairo,8000,EGP,8000,Frontend,0.5
Frontend Developer React,1,25000,4/1/2025 0:00,Not Egyption but site in egypt,Hybird,Full Time,Cairo,25000,EGP,25000,Frontend,1
Frontend Developer React,3,15000 EGP ,7/18/2025 0:00,Not Egyption and site out of egypt,Remotley,Part Time,Jordan,15000,EGP,15000,Frontend,3
Frontend Developer React Nextjs,3,1000 USD,7/18/2025 0:00,Not Egyption and site out of egypt,Remotley,Full Time,Dubai ,1000,USD,48540,Frontend,3
Frontend Developer Vuejs,3,16k,2/1/2025 0:00,Not Egyption but site in egypt,Hybird,Full Time,Cairo ,16000,EGP,16000,Frontend,3
Frontend Developer,6,75000,3/1/2025 0:00,Not Egyption but site in egypt,Hybird,Full Time,Cairo,75000,EGP,75000,Frontend,6
Frontend Developer,1,60000,1/1/2025 0:00,corporate,Hybird,Full Time,new cairo,60000,EGP,60000,Frontend,1
Frontend Developer,1,60000,1/1/2025 0:00,corporate,Hybird,Full Time,new cairo,60000,EGP,60000,Frontend,1
Frontend Developer,1,60000,1/1/2025 0:00,corporate,Hybird,Full Time,new cairo,60000,EGP,60000,Frontend,1
Frontend Developer,1.5,12500,7/17/2025 0:00,Egyption,Remotley,Full Time,Cairo,12500,EGP,12500,Frontend,1.5
Frontend Developer,Less than 2,40000,1/1/2025 0:00,Egyption,Remotley,Full Time,Cairo,40000,EGP,40000,Frontend,2
Frontend Developer,6,80000,7/17/2025 0:00,Not Egyption and site out of egypt,Remotley,Full Time,riyadh saudi arabia,80000,EGP,80000,Frontend,6
Frontend (Next.Js),5,1500 USD,7/30/2025 0:00,Not Egyption and site out of egypt,Remotley,Full Time,جدة,1500,USD,72810,Frontend,5
Frontend React,2,30000,7/17/2025 0:00,Not Egyption but site in egypt,Remotley,Full Time,,30000,EGP,30000,Frontend,2
Frontend React,4,2000 USD,7/27/2025 0:00,Not Egyption but site in egypt,On Site,Full Time,Shiekh zayed ,2000,USD,97080,Frontend,4
Frontend React Developer,5 months,15000 EGP,3/1/2025 0:00,Egyption,Remotley,Full Time,6th October,15000,EGP,15000,Frontend,0.5
Frontend React Developer,1,15000,7/24/2025 0:00,Egyption,On Site,Full Time,Cairo,15000,EGP,15000,Frontend,1
Frontend Reactjs,3,15000,7/16/2025 0:00,Egyption,Remotley,Full Time,Mansoura,15000,EGP,15000,Frontend,3
Frontend Software Engineer,2 months,500USD,6/11/2025 0:00,Not Egyption and site out of egypt,Remotley,Full Time,"Amman, Jordan",500,USD,24270,Frontend,0
Frontend Software Engineer,2,44500,6/29/2025 0:00,Not Egyption but site in egypt,Remotley,Full Time,Cairo,44500,EGP,44500,Frontend,2
Frontend Team Lead,10,165000,1/1/2025 0:00,Not Egyption but site in egypt,Remotley,Full Time,Riyadh,165000,EGP,165000,Frontend,10
Frontend Team Lead,2,70000,1/1/2025 0:00,Egyption,Hybird,Full Time,cairo,70000,EGP,70000,Frontend,2
Frontend Vue/Nuxt Js,5,1100,7/16/2025 0:00,Not Egyption and site out of egypt,Remotley,Full Time,Jordan ,1100,USD,53394,UI UX,5
Frontend Web Developer,2,30000,7/25/2025 0:00,Egyption,On Site,Full Time,Cairo,30000,EGP,30000,Frontend,2
Frontend Web Developer,1,15000,7/15/2025 0:00,"Startup in canada , but there’s no site just online work and the whole team from Egypt ",Remotley,Full Time,Monreal,15000,EGP,15000,Frontend,1
Fulkstack .Net Developer,10,75000,1/1/2025 0:00,Egyption,On Site,Full Time,Cairo,75000,EGP,75000,Fullstack,10
Full Stack,8,90K EGP,3/1/2025 0:00,Egyption,Remotley,Full Time,Cairo,90000,EGP,90000,Fullstack,8
Full Stack .Net,1,17000,7/16/2025 0:00,Egyption,Hybird,Full Time,Cairo,17000,EGP,17000,Fullstack,1
Full Stack .Net,5,46000,7/17/2025 0:00,Egyption,Hybird,Full Time,Cairo,46000,EGP,46000,Fullstack,5
Full Stack .Net & Angular,1,16000,7/15/2025 0:00,Not Egyption and site out of egypt,Remotley,Full Time,USA Texas,16000,EGP,16000,Fullstack,1
Full Stack .Net | Angular,3,26000,7/1/2025 0:00,Egyption,Remotley,Full Time,Cairo ,26000,EGP,26000,Fullstack,3
Full Stack .Net Developer,1,12000,7/17/2025 0:00,Egyption,On Site,Full Time,Alexandria,12000,EGP,12000,Fullstack,1
Full Stack .Net Developer,2,15000,7/1/2025 0:00,Egyption,Remotley,Full Time,cairo,15000,EGP,15000,Fullstack,2
Full Stack .Net Developer,4,70,7/17/2025 0:00,Not Egyption but site in egypt,Hybird,Full Time,Cairo ,70000,EGP,70000,Fullstack,4
Full Stack Developer,0.65,14000,7/25/2025 0:00,Egyption,Remotley,Full Time,Cairo,14000,EGP,14000,Fullstack,0.5
Full Stack Developer,1,12000,7/3/2025 0:00,Egyption,On Site,Full Time,Cairo ,12000,EGP,12000,Fullstack,1
Full Stack Developer,1,32,8/1/2025 0:00,Egyption,Hybird,Full Time,Cairo,32000,EGP,32000,Fullstack,1
Full Stack Developer,1.5,4000,7/17/2025 0:00,morocco,On Site,Full Time,rabat,4000,EGP,4000,Fullstack,1.5
Full Stack Developer,1.5,15000,7/16/2025 0:00,Egyption,On Site,Full Time,cairo,15000,EGP,15000,Fullstack,1.5
Full Stack Developer,2,15000,7/16/2025 0:00,Egyption,Remotley,Full Time,cairo,15000,EGP,15000,Fullstack,2
Full Stack Developer,2,370 $,6/1/2025 0:00,Not Egyption but site in egypt,Remotley,Full Time,,370,USD,17959.8,Fullstack,2
Full Stack Developer,2,500$,7/20/2025 0:00,Not Egyption and site out of egypt,Remotley,Full Time,Dynmark,500,USD,24270,Fullstack,2
Full Stack Developer,3,20000,7/17/2025 0:00,Egyption,On Site,Full Time,Cairo,20000,EGP,20000,Fullstack,3
Full Stack Developer,4,40000,7/1/2025 0:00,Not Egyption and site out of egypt,Remotley,Part Time,Dubai,40000,EGP,40000,Fullstack,4
Full Stack Developer,3.9,55000,7/1/2025 0:00,Not Egyption and site out of egypt,Remotley,Full Time,New Yourk,55000,EGP,55000,Fullstack,4
Full Stack Developer (Angular+.Net),1,24000,8/1/2025 0:00,Egyption,Hybird,Full Time,Cairo,24000,EGP,24000,Fullstack,1
"Full Stack Developer (Flutter, .Net, React)",1.5,15000,7/1/2025 0:00,Not Egyption and site out of egypt,Remotley,Part Time,Riyadh,15000,EGP,15000,Fullstack,1.5
Full Stack Developer .Net And React (Internship),1month,4500,7/16/2025 0:00,Egyption,Hybird,Full Time,Giza,4500,EGP,4500,Fullstack,0
Full Stack Developer Dot Net,8,70000,7/1/2025 0:00,Egyption,Hybird,Full Time,Cairo ,70000,EGP,70000,Fullstack,8
Full Stack Dot Net Developer,1,13000,7/17/2025 0:00,Egyption,Remotley,Full Time,Cairo,13000,EGP,13000,Fullstack,1
Full Stack Developer,2,500 $,8/1/2024 0:00,Egyption,On Site,Full Time,Alexandria,500,USD,24270,Fullstack,2
Full Stack Developer,3,62500,5/1/2025 0:00,Not Egyption and site out of egypt,Remotley,Full Time,-,62500,EGP,62500,Fullstack,3
Full Stack Developer,4,40000,12/15/2024 0:00,Egyption,Hybird,Full Time,Cairo,40000,EGP,40000,Fullstack,4
Full Stack Developer,2,53000,6/28/2025 0:00,Not Egyption but site in egypt,Hybird,Full Time,Cairo,53000,EGP,53000,Fullstack,2
Full Stack Java And React,4,2900 euro,5/5/2025 0:00,Not Egyption and site out of egypt,Remotley,Full Time,Berlin,2900,EUR,163821,Fullstack,4
Full Stack Laravel Developer,3,25000,7/1/2025 0:00,Egyption,Remotley,Full Time,cairo,25000,EGP,25000,Fullstack,3
Full Stack Php Developer,2+,35000,5/17/2025 0:00,Egyption,Hybird,Full Time,cairo,35000,EGP,35000,Fullstack,2
Full Stack Software (.Net And Angular),2.8,680 usd ,6/21/2025 0:00,Egyption,Remotley,Full Time,Cairo ,680,USD,33007.2,Fullstack,3
Full Stack Software Engineer,3,42k,1/30/2025 0:00,Egyption,Remotley,Full Time,Cairo,42000,EGP,42000,Fullstack,3
Full Stack Sw Eng,1+,48k,7/10/2025 0:00,Not Egyption but site in egypt,Hybird,Full Time,Cairo,48000,EGP,48000,Fullstack,1
Full Stack Web Developer,2,55000,7/1/2025 0:00,Egyption,Hybird,Full Time,Cairo,55000,EGP,55000,Fullstack,2
Full Stack Web Developer,3,21000,7/16/2025 0:00,Egyption,Hybird,Full Time,Cairo,21000,EGP,21000,Fullstack,3
Full Stack Web Developer,3,37,7/25/2025 0:00,Egyption,On Site,Full Time,Cairo,37000,EGP,37000,Fullstack,3
Full Stack Web Developer,3.5,30,7/19/2025 0:00,Egyption,On Site,Full Time,,30000,EGP,30000,Fullstack,3.5
Full Stack. Net Angular,3,55000,7/16/2025 0:00,Not Egyption but site in egypt,Hybird,Full Time,Cairo,55000,EGP,55000,Fullstack,3
Full Stack. Net Developer,4,60000,7/24/2025 0:00,Not Egyption but site in egypt,Remotley,Full Time,Australia,60000,EGP,60000,Fullstack,4
Full Stack.Net Developer,2.5,25,5/1/2025 0:00,Egyption,Hybird,Full Time,Cairo,25000,EGP,25000,Fullstack,2.5
"Fullstack (Php ,Vue)",1,250$,7/18/2025 0:00,Not Egyption and site out of egypt,Remotley,Full Time,Saudi,250,USD,12135,Fullstack,1
Fullstack .Net Developer,0,21000,7/31/2025 0:00,Not Egyption but site in egypt,Hybird,Full Time,cairo,21000,EGP,21000,Fullstack,0
Fullstack .Net Developer,Fresh +ITI,15K,6/15/2025 0:00,Egyption,On Site,Full Time,Cairo,15000,EGP,15000,Fullstack,0
Fullstack Dev,6.5,125000,5/1/2025 0:00,Not Egyption and site out of egypt,Remotley,Full Time,Canada,125000,EGP,125000,Fullstack,6.5
Fullstack Developer,0,12,8/3/2025 0:00,Egyption,On Site,Full Time,Cairo,12000,EGP,12000,Fullstack,0
Fullstack Developer,1,15000,7/17/2025 0:00,Egyption,Hybird,Full Time,,15000,EGP,15000,Fullstack,1
Fullstack Developer,2,6000,8/28/2025 0:00,Egyption,Hybird,Full Time,Cairo,6000,EGP,6000,Fullstack,2
Fullstack Developer,3,8000,5/1/2025 0:00,Not Egyption and site out of egypt,Remotley,Full Time,London,8000,EGP,8000,Fullstack,3
Fullstack Developer,3,20000,6/30/2025 0:00,Egyption,Hybird,Full Time,Cairo,20000,EGP,20000,Fullstack,3
Fullstack Developer (.Net/Angular),3,1000,4/1/2023 0:00,Not Egyption but site in egypt,Hybird,Full Time,Cairo,1000,USD,48540,Fullstack,3
Fullstack Developer (.Net/Angular),6,2200 usd,1/1/2025 0:00,Not Egyption but site in egypt,Remotley,Full Time,Riyadh,2200,USD,106788,Fullstack,6
Full-Stack Java Developer,2,1150 usd,5/1/2025 0:00,Egyption,Remotley,Full Time,Oman,1150,USD,55821,Fullstack,2
Fullstack Nodejs Developer,2,34000,1/1/2025 0:00,Not Egyption and site out of egypt,Remotley,Full Time,"Berlin , Germany",34000,EGP,34000,Fullstack,2
Game Developer (Unreal Engine),0,35000,7/16/2025 0:00,Not Egyption and site out of egypt,Remotley,Full Time,Dubai,35000,EGP,35000,Other,0
Gis Developer,0,600 USD,7/16/2025 0:00,Not Egyption but site in egypt,On Site,Full Time,Cairo ,600,USD,29124,Other,0
Gmail Marketing,0,22000,7/16/2025 0:00,Not Egyption but site in egypt,On Site,Full Time,Cairo ,22000,EGP,22000,Data-Science,0
Golang Developer,2,18k,7/21/2025 0:00,Egyption,On Site,Full Time,Shrouk,18000,EGP,18000,Other,2
Golang Developer,6,30000,1/1/2025 0:00,Egyption,On Site,Full Time,Cairo,30000,EGP,30000,Other,6
Graphic Designer,1,3500,8/2/2025 0:00,I don't own a company ,Any of them? ,Part Time,Alexandria ,3500,EGP,3500,Other,1
Grc Analyst,2,40000,7/17/2025 0:00,Egyption,Hybird,Full Time,Cairo,40000,EGP,40000,Other,2
Group Od & Talent Specialist,2,12200,7/17/2025 0:00,Egyption,On Site,Full Time,Cairo,12200,EGP,12200,Other,2
Hr Generalist,5,25000,7/1/2025 0:00,Not Egyption and site out of egypt,Remotley,Full Time,KSA,25000,EGP,25000,Other,5
Hr Specialist,2,4000EGP,7/1/2025 0:00,Egyption,Remotley,Part Time,,4000,EGP,4000,Other,2
Industrial Automation Engineer (Oil&Gas) Sector,1.5,47500,6/30/2025 0:00,Egyption,On Site,Full Time,Cairo,47500,EGP,47500,Testing,1.5
Info Sec Grc,2,25,7/1/2025 0:00,Multinational ,Hybird,Full Time,Cairo,25000,EGP,25000,Other,2
Infrastructure Engineer,3,35000,7/17/2025 0:00,Egyption,Hybird,Full Time,Cairo,35000,EGP,35000,Other,3
Infrastructure Manager,10,45000,7/15/2025 0:00,Not Egyption but site in egypt,On Site,Full Time,Alexandria,45000,EGP,45000,Other,10
Integration Developer,3,35000,7/1/2025 0:00,Not Egyption but site in egypt,Hybird,Full Time,,35000,EGP,35000,Other,3
Integration Engineer,3,28600,2/12/2025 0:00,Egyption,Hybird,Full Time,Giza ,28600,EGP,28600,Other,3
Internal Auditor And Process Improvement (Tech Industry),2,130000,7/17/2025 0:00,Egyptian but all work outside Egypt ,Remotley,Full Time,"Egypt , Dubai , USA , Qatar , Oman , Swaziland ",130000,EGP,130000,IT,2
Ios Developer,1,12000,7/1/2025 0:00,Egyption,On Site,Full Time,Giza,12000,EGP,12000,Mobile,1
Ios Developer,1,25000,7/1/2025 0:00,Egyption,Hybird,Full Time,,25000,EGP,25000,Mobile,1
Ios Developer,3,30000,5/1/2024 0:00,Egyption,Remotley,Full Time,Cairo,30000,EGP,30000,Mobile,3
Ios Developer,3,690 $,8/1/2025 0:00,Egyption,Remotley,Full Time,US,690,USD,33492.6,Mobile,3
Ios Developer,4,36K + insurance,10/1/2024 0:00,Egyption,Hybird,Full Time,Giza,36000,EGP,36000,Mobile,4
Ios Developer,6,1200$,10/10/2024 0:00,Not Egyption and site out of egypt,Remotley,Full Time,dubai,1200,USD,58248,Mobile,6
Ios Deveoper,8,75000,1/1/2025 0:00,Egyption,Hybird,Full Time,cairo,75000,EGP,75000,Mobile,8
Iot Embedded Systems,3,100,7/1/2025 0:00,Egyption,Hybird,Full Time,Cairo ,100000,EGP,100000,Embedded,3
Iot/Embedded,1,22000,7/17/2025 0:00,Egyption,On Site,Full Time,,22000,EGP,22000,Embedded,1
Ip Datacom Customer Support,2,28000,7/25/2025 0:00,Egyption,On Site,Full Time,Giza,28000,EGP,28000,Data-Science,2
It First Line,2.5,17000,3/1/2025 0:00,Egyption,Hybird,Full Time,cairo,17000,EGP,17000,IT,2.5
It Infrastructure Engineer,1,16000,3/16/2025 0:00,Not Egyption but site in egypt,On Site,Full Time,Cairo,16000,EGP,16000,IT,1
It Service Desk,6,10000,10/15/2024 0:00,Egyption,On Site,Full Time,Cairo,10000,EGP,10000,IT,6
It Specialist,0,10000,5/1/2025 0:00,Egyption,On Site,Full Time,"Maadi, Cairo",10000,EGP,10000,IT,0
It Specialist,Half year,9000 EGP,6/1/2025 0:00,Egyption,On Site,Full Time,Cairo,9000,EGP,9000,IT,0.5
It Specialist,1,8000,7/16/2025 0:00,Not Egyption but site in egypt,On Site,Full Time,Cairo,8000,EGP,8000,IT,1
It Specialist,2,10000,5/26/2025 0:00,Egyption,On Site,Full Time,Cairo,10000,EGP,10000,IT,2
It Support,2,10000,9/1/2024 0:00,Egyption,On Site,Full Time,Cairo ,10000,EGP,10000,IT,2
It Support,5,22000,5/1/2025 0:00,Egyption,On Site,Full Time,Cairo ,22000,EGP,22000,IT,5
It System Administrator,6,14000,7/25/2025 0:00,Egyption,On Site,Full Time,Cairo,14000,EGP,14000,IT,6
It Technical Help Desk Support,2,10k,4/1/2025 0:00,Not Egyption but site in egypt,On Site,Full Time,Cairo,10000,EGP,10000,IT,2
Java And Angular Fullstack Developer,2.5,65000,7/1/2025 0:00,Not Egyption but site in egypt,Hybird,Full Time,Cairo ,65000,EGP,65000,Fullstack,2.5
Java Backend Developer,2,25000,7/16/2025 0:00,Egyption,Hybird,Full Time,Cairo,25000,EGP,25000,Backend,2
Java Developer,1,18000,7/18/2025 0:00,Egyption,Remotley,Full Time,Alexandria ,18000,EGP,18000,Other,1
Java Developer,1,19000,7/16/2025 0:00,Egyption,On Site,Full Time,alexandria ,19000,EGP,19000,Other,1
Java Developer,1,22000,7/1/2025 0:00,Egyption,Hybird,Full Time,Cairo,22000,EGP,22000,Other,1
Java Developer,1,25k net,6/1/2025 0:00,Egyption,Hybird,Full Time,giza,25000,EGP,25000,Other,1
Java Developer,1,27000,8/1/2025 0:00,Egyption,Hybird,Full Time,"Smart village, giza",27000,EGP,27000,Other,1
Java Developer,1,30k,8/1/2024 0:00,Not Egyption but site in egypt,Remotley,Full Time,Cairo ,30000,EGP,30000,Other,1
Java Developer,1,30000,9/1/2024 0:00,Not Egyption but site in egypt,Hybird,Full Time,Cairo,30000,EGP,30000,Other,1
Java Developer,1.5,30000,7/16/2025 0:00,Egyption,Hybird,Full Time,Cairo,30000,EGP,30000,Other,1.5
Java Developer,2,37000,2/1/2025 0:00,Not Egyption but site in egypt,Hybird,Full Time,Cairo,37000,EGP,37000,Other,2
Java Developer,2,45000,7/1/2025 0:00,Egyption,On Site,Full Time,Cairo,45000,EGP,45000,Other,2
Java Developer,2,70000,7/28/2025 0:00,Not Egyption but site in egypt,Hybird,Full Time,Cairo,70000,EGP,70000,Other,2
Java Developer,2.5,41000,7/28/2025 0:00,Not Egyption but site in egypt,Hybird,Full Time,Cairo,41000,EGP,41000,Other,2.5
Java Developer,3,50000,7/1/2025 0:00,Egyption,Hybird,Full Time,Cairo,50000,EGP,50000,Other,3
Java Developer,3,50000,6/25/2025 0:00,Egyption,Remotley,Full Time,cairo,50000,EGP,50000,Other,3
Java Developer,3,55000,7/18/2025 0:00,Not Egyption but site in egypt,Hybird,Full Time,UK - Cairo - Germany,55000,EGP,55000,Other,3
Java Developer,4,39 net (3shan b2ali sanaten fl sherka el nas elgdeda btegy b range elmarket),7/17/2025 0:00,DXC,Remotley,Full Time,Cairo,39000,EGP,39000,Other,4
Java Developer,4,40000,7/18/1996 0:00,Egyption,Hybird,Full Time,Cairo,40000,EGP,40000,Other,4
Java Developer,5,1200$,8/1/2025 0:00,Not Egyption but site in egypt,Remotley,Full Time,Saudi Arabia ,1200,USD,58248,Other,5
Java Developer,5,85000,7/1/2025 0:00,Egyption,Hybird,Full Time,Cairo,85000,EGP,85000,Other,5
Java Experience,9,90000,7/17/2025 0:00,Not Egyption and site out of egypt,Hybird,Full Time,Cairo,90000,EGP,90000,Other,9
Java Fullstack,10,120000,6/1/2025 0:00,Egyption,Hybird,Full Time,Cairo,120000,EGP,120000,Fullstack,10
Java Software Engineer,4,50000 egp,7/16/2025 0:00,Egyption,Hybird,Full Time,Cairo,50000,EGP,50000,Other,4
Java Spring Boot Developer,3,35000,7/20/2025 0:00,Not Egyption but site in egypt,Hybird,Full Time,Cairo ,35000,EGP,35000,Other,3
Java Team Lead,10,4000 USD,1/1/2024 0:00,Not Egyption but site in egypt,Remotley,Full Time,,4000,USD,194160,Data-Science,10
Joniur Data Engineer,1,17000,6/1/2024 0:00,Egyption,Hybird,Full Time,new cairo,17000,EGP,17000,Data-Science,1
Junior Data Analyst,1 year,6000,1/1/2025 0:00,Egyption,Hybird,Full Time,Cairo,6000,EGP,6000,Data-Science,1
Junior Data Scientist,1,23000,3/15/2025 0:00,Egyption,Hybird,Full Time,,23000,EGP,23000,Data-Science,1
Junior Ios Developer,1.5,40,5/20/2025 0:00,Egyption,Hybird,Full Time,Cairo,40000,EGP,40000,Mobile,1.5
Laravel,Almost 4,30000,1/1/2025 0:00,Not Egyption but site in egypt,On Site,Full Time,Riyadh ,30000,EGP,30000,Backend,0.5
Laravel,1,12000,12/8/2024 0:00,Egyption,On Site,Full Time,Cairo,12000,EGP,12000,Backend,1
Laravel Developer,1,12000,6/1/2025 0:00,Not Egyption but site in egypt,Remotley,Full Time,Cairo,12000,EGP,12000,Backend,1
Laravel Developer,1,20000,7/20/2025 0:00,Egyption,Remotley,Full Time,Saudi Arabia ,20000,EGP,20000,Backend,1
Laravel Developer,4,60000,1/1/2025 0:00,Egyption,Hybird,Full Time,Cairo,60000,EGP,60000,Backend,4
Laravel Developer,4,70000,2/28/2025 0:00,Not Egyption and site out of egypt,Remotley,Full Time,Riyadh,70000,EGP,70000,Backend,4
Logistics & Purchasing Specialist,2,6000,10/17/2023 0:00,Not Egyption but site in egypt,On Site,Full Time,El-Minia,6000,EGP,6000,Other,2
Machine Learning Engineer,3,38000,7/28/2025 0:00,Egyption,Hybird,Full Time,,38000,EGP,38000,Other,3
Maintenance Engineer,1.5,18000,7/17/2025 0:00,Egyption,Hybird,Full Time,Cairo ,18000,EGP,18000,Data-Science,1.5
Maintenance Planning Engineer,0,12000,7/18/2025 0:00,Not Egyption but site in egypt,On Site,Full Time,,12000,EGP,12000,Data-Science,0
Manual Software Tester,1,10,11/1/2024 0:00,Egyption,Hybird,Full Time,Cairo,10000,EGP,10000,Testing,1
Mbd Engineer,4,42000 EGP,6/25/2025 0:00,Egyption,On Site,Full Time,Cairo,42000,EGP,42000,Other,4
Mean Stack Developer,3,50000,1/31/2025 0:00,Egyption,On Site,Full Time,Cairo ,50000,EGP,50000,Other,3
Mechanical Design Engineer,3,20000,7/1/2025 0:00,Egyption,On Site,Full Time,6th of October ,20000,EGP,20000,IT,3
Medical Liaison,2,24700,7/30/2023 0:00,Egyption,Hybird,Full Time,Cairo ,24700,EGP,24700,Data-Science,2
Mentor,0,13000,7/1/2025 0:00,Egyption,Remotley,Full Time,Cairo,13000,EGP,13000,Other,0
Mern Stack Developer,4,45000,7/16/2025 0:00,Egyption,Hybird,Full Time,Cairo,45000,EGP,45000,Other,4
Mern-Stack Developer,2,20000,7/1/2025 0:00,Egyption,Remotley,Full Time,Cairo,20000,EGP,20000,Other,2
Microsoft Dynamics Crm Team Lead,10,"33,000 Dirham",8/1/2025 0:00,Not Egyption and site out of egypt,On Site,Full Time,Abu Dhabi,33000,AED,436260,Data-Science,10
Mid Level Frontend React,2,17000,7/11/2025 0:00,Egyption,On Site,Full Time,new cairo,17000,EGP,17000,Frontend,2
Mid-Level .Net Developer,3,38770,7/24/2025 0:00,Not Egyption but site in egypt,Hybird,Full Time,Cairo,38770,EGP,38770,Backend,3
Mid-Level Devops Engineer,2.5,25,7/26/2025 0:00,Egyption,Remotley,Full Time,Alex,25000,EGP,25000,DevOps-MLOps,2.5
Ml Engineer,0,21000,8/3/2025 0:00,Egyption,Hybird,Full Time,,21000,EGP,21000,Engineering,0
Ml Engineer,1,25000,7/17/2025 0:00,Egyption,Hybird,Full Time,Giza,25000,EGP,25000,Engineering,1
Ml Intern,0,3000,8/1/2025 0:00,Egyption,Hybird,Full Time,Cairo,3000,EGP,3000,Data-Science,0
Mlops,5.5,85000,7/22/2025 0:00,Not Egyption but site in egypt,Hybird,Full Time,Cairo,85000,EGP,85000,Data-Science,5.5
"Mlops,  Ai",5,80000,6/24/2025 0:00,Not Egyption but site in egypt,Hybird,Full Time,Cairo,80000,EGP,80000,Data-Science,5
Mobile Application Developer,3,20000,5/1/2025 0:00,Egyption,On Site,Full Time,6-Oct,20000,EGP,20000,Mobile,3
Mobile Apps Developer Flutter,1.5,800 usd,7/1/2025 0:00,Not Egyption and site out of egypt,Remotley,Full Time,Dubai,800,USD,38832,Mobile,1.5
Mobile Developer,8,75000,5/24/1992 0:00,Egyption,Hybird,Full Time,Cairo,75000,EGP,75000,Mobile,8
Mobile Engineer,8.5,60000,7/16/2025 0:00,Egyption,Hybird,Full Time,Cairo,60000,EGP,60000,Mobile,8.5
Network / Network Security Engineer,0,12000,12/17/2024 0:00,Egyption,On Site,Full Time,Cairo,12000,EGP,12000,Security,0
Network Automation Engineer,2,3600 USD,6/25/2025 0:00,Not Egyption and site out of egypt,Remotley,Full Time,Warsaw,3600,USD,174744,Testing,2
Network Engineer,1,25000,7/1/2025 0:00,Not Egyption and site out of egypt,Remotley,Full Time,Poland,25000,EGP,25000,Other,1
Network Engineer,2,15000,6/25/2025 0:00,Egyption,Hybird,Full Time,Giza,15000,EGP,15000,Other,2
Network Engineer,2,28000,7/1/2025 0:00,Egyption,Hybird,Full Time,Cairo,28000,EGP,28000,Other,2
Network Engineer,4,21000,6/1/2025 0:00,Egyption,Hybird,Part Time,Cairo,21000,EGP,21000,Other,4
Network Engineer,5,55000,7/28/2025 0:00,Egyption,Hybird,Full Time,,55000,EGP,55000,Other,5
Network Security Engineer,4,30000 egp,1/1/2025 0:00,Egyption,On Site,Full Time,Cairo,30000,EGP,30000,Security,4
Network Security Engineer,5,35000,5/1/2025 0:00,Egyption,On Site,Full Time,Cairo ,35000,EGP,35000,Security,5
Network Specialist,3,25000,1/1/2025 0:00,Egyption,Hybird,Full Time,Cairo,25000,EGP,25000,Other,3
Next Js Developer,1,20000,7/16/2025 0:00,Egyption,Remotley,Full Time,,20000,EGP,20000,Frontend,1
Nlp Engineer,6,"$1,650 ",7/30/2025 0:00,Not Egyption but site in egypt,Hybird,Full Time,Cairo ,1650,USD,80091,Engineering,6
Nlp R&D Engineer,1,35000,7/19/2025 0:00,Egyption,On Site,Full Time,Alexandria ,35000,EGP,35000,Data-Science,1
Nlp R&D Engineer,1.5,35000,2/26/2002 0:00,Egyption,On Site,Full Time,Giza,35000,EGP,35000,Data-Science,1.5
Node Js Developer,1,10000,4/16/2025 0:00,Egyption,On Site,Full Time,,10000,EGP,10000,Backend,1
Node Js Developer,3,1200 USD,7/1/2024 0:00,Not Egyption but site in egypt,Remotley,Full Time,,1200,USD,58248,Backend,3
Node.Js Developer,1,6000,11/10/2024 0:00,Egyption,Remotley,Full Time,Alexandria ,6000,EGP,6000,Other,1
Node.Js Developer,1,12000,2/1/2025 0:00,Egyption,On Site,Full Time,Cairo,12000,EGP,12000,Other,1
Node.Js Developer,1,600$,5/1/2025 0:00,Not Egyption and site out of egypt,Remotley,Full Time,USA,600,USD,29124,Other,1
Node.Js Developer,3,100000,5/1/2024 0:00,Not Egyption but site in egypt,Hybird,Full Time,Cairo,100000,EGP,100000,Other,3
Nodejs Backend Developer,1.5,20000,7/17/2025 0:00,Not Egyption but site in egypt,Remotley,Full Time,"6th of October, Giza",20000,EGP,20000,Backend,1.5
Nodejs Develoepr,1,20000 egp,7/16/2025 0:00,Egyption,Remotley,Full Time,Cairo,20000,EGP,20000,Backend,1
Nodejs Developer,1,20000,7/17/2025 0:00,Egyption,On Site,Full Time,Cairo,20000,EGP,20000,Backend,1
Odoo Developer,0,7000,7/1/2025 0:00,Egyption,Hybird,Full Time,Cairo,7000,EGP,7000,Other,0
Odoo Developer,1 year,4000 😅,7/5/2025 0:00,Egyption,Remotley,Full Time,Alexandria ,4000,EGP,4000,Other,1
Odoo Developer,1,5500,7/16/2025 0:00,Egyption,On Site,Full Time,,5500,EGP,5500,Other,1
Odoo Developer,5,1600,1/1/2025 0:00,Not Egyption and site out of egypt,Remotley,Full Time,Saudi Arabia,1600,USD,77664,Other,5
Odoo Functional Consultant,1,30000,7/16/2025 0:00,Not Egyption and site out of egypt,Remotley,Full Time,Saudi arabia,30000,EGP,30000,Other,1
Odoo Implementer,4,1300 USD,1/1/2025 0:00,Not Egyption and site out of egypt,Remotley,Full Time,Saudi,1300,USD,63102,Other,4
Open-Source Voip System Engineer | Tier 3 Technical Support Engineer,12,3000(USD),7/17/2025 0:00,Not Egyption but site in egypt,Hybird,Full Time,Riyadh,3000,USD,145620,IT,12
Operation Analyst,1,15000,7/20/2025 0:00,Egyption,On Site,Full Time,Cairo,15000,EGP,15000,Other,1
Operational Analyst,1,17000,5/15/2025 0:00,Egyption,Hybird,Full Time,Cairo maadi,17000,EGP,17000,Other,1
Operations Team Leader In Bpo Call Centre,2 years,22000,7/30/2025 0:00,Not Egyption but site in egypt,On Site,Full Time,Cairo,22000,EGP,22000,Data-Science,2
Oracle Developer,4,50000,1/1/2025 0:00,Egyption,On Site,Full Time,6-Oct,50000,EGP,50000,Other,4
Penetration Tester,3,60,7/1/2025 0:00,Not Egyption but site in egypt,Hybird,Full Time,Cairo,60000,EGP,60000,Testing,3
People Advisor/Hr Generalist/Hr Specialist,1.5,9000,11/15/2024 0:00,Egyption,Hybird,Full Time,Cairo,9000,EGP,9000,Other,1.5
Php Backend Developer,2,15000,7/16/2025 0:00,Egyption,On Site,Full Time,Mansoura,15000,EGP,15000,Backend,2
Php Developer,2,6000,7/16/2025 0:00,Egyption,Remotley,Part Time,,6000,EGP,6000,Backend,2
Php Developer,2,800 usd,7/17/2025 0:00,Egyption,Remotley,Full Time,Saudi Arabia ,800,USD,38832,Backend,2
Php Developer,2,800 usd,7/17/2025 0:00,Egyption,Remotley,Full Time,Saudi Arabia ,800,USD,38832,Backend,2
Php Developer,2.5,25000,8/1/2025 0:00,Egyption,Hybird,Full Time,Cairo,25000,EGP,25000,Backend,2.5
Php Developer,3,15000,7/8/2025 0:00,Egyption,On Site,Full Time,Cairo,15000,EGP,15000,Backend,3
Php Developer,3,45000,1/2/2025 0:00,Not Egyption but site in egypt,Remotley,Full Time,KSA,45000,EGP,45000,Backend,3
Php Developer,4,25000,7/23/2025 0:00,Egyption,On Site,Full Time,Cairo,25000,EGP,25000,Backend,4
Php Developer,4,45000,7/1/2025 0:00,Not Egyption but site in egypt,On Site,Full Time,Cairo,45000,EGP,45000,Backend,4
Php Developer,5,2000 USD,6/30/2025 0:00,Not Egyption and site out of egypt,Remotley,Full Time,California ,2000,USD,97080,Backend,5
Php Developer,6,36000,5/1/2025 0:00,Egyption,On Site,Full Time,Alexandria,36000,EGP,36000,Backend,6
Php Deveoper,1.5,11000,7/1/2025 0:00,Egyption,On Site,Full Time,"giza , egypt",11000,EGP,11000,Backend,1.5
Php Deveoper,3,7500,1/1/2023 0:00,Not Egyption but site in egypt,On Site,Full Time,Mansoura,7500,EGP,7500,Backend,3
Php Deveoper,3,18000,7/1/2025 0:00,Egyption,On Site,Full Time,mansoura,18000,EGP,18000,Backend,3
Php Deveoper,3,30000,2/18/2025 0:00,Not Egyption and site out of egypt,Remotley,Part Time,ryadii,30000,EGP,30000,Backend,3
Php Deveoper,4,1500 $,1/1/2025 0:00,Not Egyption and site out of egypt,Remotley,Full Time,US,1500,USD,72810,Backend,4
Php Deveoper,6,45000,1/1/2025 0:00,Egyption,Remotley,Full Time,cairo,45000,EGP,45000,Backend,6
Php Deveoper,12,1900usd,9/1/2024 0:00,Not Egyption and site out of egypt,Remotley,Full Time,Riyadh,1900,USD,92226,Backend,12
Php Laravel Developer,3,17000,7/1/2025 0:00,Egyption,On Site,Full Time,,17000,EGP,17000,Backend,3
Php Laravel Developer,3,25000,7/1/2025 0:00,Egyption,Hybird,Full Time,Zagazig ,25000,EGP,25000,Backend,3
Presales,2 month ,6000,7/18/2025 0:00,Egyption,On Site,Full Time,Cairo,6000,EGP,6000,Other,0
Presales Automation Engineer,2,15000,5/1/2025 0:00,Egyption,On Site,Full Time,cairo,15000,EGP,15000,Testing,2
Principle Software Engineer,15,44000,7/17/2025 0:00,Egyption,Remotley,Full Time,Cairo ,44000,EGP,44000,Other,15
Procurement Engineer,2,9175,5/1/2025 0:00,Egyption,On Site,Full Time,Alexandria,9175,EGP,9175,Other,2
Product Analyst,3.6,55000,7/1/2025 0:00,Egyption,Hybird,Full Time,Cairo,55000,EGP,55000,Other,3.5
Product Manager,1,15000,7/11/2025 0:00,Egyption,Hybird,Full Time,Cairo,15000,EGP,15000,Other,1
Product Manager,3,55000,6/27/2025 0:00,Egyption,On Site,Full Time,Cairo ,55000,EGP,55000,Other,3
Product Owner,3,40000,6/28/2025 0:00,Not Egyption but site in egypt,Hybird,Full Time,,40000,EGP,40000,Other,3
Product Owner/Manager,3,"41,000 EGP",10/15/2024 0:00,Egyption,Hybird,Full Time,New Cairo,41000,EGP,41000,Other,3
Product Owner/Manager (),3.5,1650 USD,7/14/2025 0:00,Not Egyption and site out of egypt,Remotley,Full Time,KSA,1650,USD,80091,Other,3.5
Product Security Engineer,2,70000,6/29/2025 0:00,Not Egyption but site in egypt,Hybird,Full Time,Cairo,70000,EGP,70000,Security,2
Production Manager,9,"Net Monthly 37,000LE with Bonus 180,000LE yearly",6/24/2025 0:00,Not Egyption but site in egypt,On Site,Full Time,"6th of October, Giza",37000,EGP,37000,Other,9
Production Supervisor,9,40000,6/21/2025 0:00,Not Egyption but site in egypt,On Site,Full Time,Bany swef,40000,EGP,40000,Other,9
Project Manager,2,12000,1/1/2025 0:00,Egyption,Hybird,Full Time,Cairo,12000,EGP,12000,Other,2
Project Manager,10,105000,7/1/2025 0:00,Not Egyption but site in egypt,Hybird,Full Time,Cairo,105000,EGP,105000,Other,10
Project Manager,15,60000,7/17/2025 0:00,Egyption,Hybird,Full Time,cairo,60000,EGP,60000,Other,15
Python Dev,2.5,1000$,7/1/2025 0:00,Not Egyption and site out of egypt,Remotley,Full Time,Riyadh ,1000,USD,48540,Other,2.5
Python Developer,4.5,55000,4/1/2025 0:00,Egyption,Hybird,Full Time,Alexandria ,55000,EGP,55000,Other,4.5
Python Developer,9,70,7/1/2025 0:00,Egyption,On Site,Full Time,Alexandria ,70000,EGP,70000,Other,9
Qa,9,1100 dollar ,7/1/2025 0:00,Not Egyption but site in egypt,On Site,Full Time,Dubai,1100,USD,53394,Testing,9
Qa Intern,0,350 USD,7/19/2025 0:00,Not Egyption but site in egypt,Hybird,Full Time,Cairo,350,USD,16989,Data-Science,0
Qc,4,53000,4/1/2025 0:00,Egyption,Hybird,Full Time,Cairo,53000,EGP,53000,Testing,4
Qc And Automation Engineer 2,3,57000,7/1/2025 0:00,Egyption,Remotley,Full Time,Cairo,57000,EGP,57000,Testing,3
Qc Team Leader,4,75000,1/1/2025 0:00,Not Egyption but site in egypt,Hybird,Full Time,Riyadh,75000,EGP,75000,Data-Science,4
Quality Assurance Officer,0,6500,7/24/2025 0:00,Egyption,Remotley,Full Time,"Alexandria, Egypt ",6500,EGP,6500,IT,0
Quality Control,1,20000,7/16/2025 0:00,Egyption,Hybird,Full Time,Cairo,20000,EGP,20000,IT,1
R&D Chemist,1,8000,1/1/2025 0:00,Not Egyption but site in egypt,On Site,Full Time,Obour City ,8000,EGP,8000,Other,1
Ra,0,8000,7/17/2025 0:00,Egyption,On Site,Full Time,,8000,EGP,8000,Backend,0
React Developer,1.5,18000,2/1/2025 0:00,Not Egyption but site in egypt,On Site,Full Time,Cairo,18000,EGP,18000,Frontend,1.5
React Js Developer,3,18000,1/1/2025 0:00,Egyption,On Site,Full Time,cairo,18000,EGP,18000,Frontend,3
React Js Developer,3,55k,11/1/2024 0:00,Not Egyption but site in egypt,Hybird,Full Time,cairo,55000,EGP,55000,Frontend,3
React Js Frontend Developer,2,15000,7/1/2025 0:00,Egyption,Hybird,Full Time,cairo,15000,EGP,15000,Frontend,2
React Native,5,150k,7/17/2025 0:00,Not Egyption and site out of egypt,Remotley,Full Time,Cairo,150000,EGP,150000,Frontend,5
React Native Developer,1,12000,8/1/2025 0:00,Egyption,On Site,Full Time,cairo,12000,EGP,12000,Frontend,1
React Native Developer,1,30000,7/17/2025 0:00,Egyption,Hybird,Full Time,Cairo,30000,EGP,30000,Frontend,1
Resident Engineer Telecom Company,8,94000,7/1/2025 0:00,Egyption,Hybird,Part Time,Cairo,94000,EGP,94000,IT,8
Rnd Computer Vision Engineer,1.5,17250,7/19/2025 0:00,Egyption,Remotley,Part Time,Cairo,17250,EGP,17250,Data-Science,1.5
Robotic Software Engineer,3,1300 dollar,7/16/2025 0:00,Not Egyption but site in egypt,Hybird,Full Time,Cairo,1300,USD,63102,Other,3
Robotics Engin,3,22900,1/8/2025 0:00,Egyption,On Site,Full Time,cairo,22900,EGP,22900,Other,3
Robotics Sw Engineer,3,65000,7/16/2025 0:00,Not Egyption but site in egypt,On Site,Full Time,Cairo,65000,EGP,65000,Other,3
Rpa Developer,3-Jan,30,7/1/2025 0:00,Not Egyption but site in egypt,Hybird,Full Time,Giza,30000,EGP,30000,Other,1
Rpa Developer,2,32000,6/24/2025 0:00,Not Egyption but site in egypt,Hybird,Full Time,Cairo,32000,EGP,32000,Other,2
Ruby On Rails Engineer,9,"$8,200 ",12/31/2024 0:00,Not Egyption and site out of egypt,Remotley,Full Time,"Florida, US",8200,USD,398028,Backend,9
Sales Analyst,0,15000,7/17/2025 0:00,Egyption,On Site,Full Time,Giza,15000,EGP,15000,Other,0
Sales Analyst,1.5,25 net,7/1/2025 0:00,Egyption,Hybird,Full Time,its located in egypt and egyptian but mother company in emirates ,25000,EGP,25000,Other,1.5
Sap Abap Developer,1,30000,7/25/2025 0:00,Not Egyption but site in egypt,Hybird,Full Time,6-Oct,30000,EGP,30000,Other,1
Sap Functional Specialist,2,13000,7/17/2025 0:00,Egyption,On Site,Full Time,Cairo,13000,EGP,13000,Other,2
Sap Mm Consultant,2,30K,3/29/2025 0:00,Not Egyption but site in egypt,Hybird,Full Time,Cairo ,30000,EGP,30000,Other,2
Scrum Master,1,15000,6/15/2025 0:00,Egyption,Hybird,Full Time,Cairo,15000,EGP,15000,Other,1
Security Engineer,1.5,27000,7/27/2025 0:00,Egyption,Hybird,Full Time,Cairo ,27000,EGP,27000,Security,1.5
Security Engineer,3,55000,7/17/2025 0:00,Egyption,Hybird,Full Time,Cairo,55000,EGP,55000,Security,3
Seniro Software Engineer,10,40000,7/29/2025 0:00,Not Egyption but site in egypt,On Site,Full Time,Cairo,40000,EGP,40000,Other,10
Senuor Java Fullstack,10,120000,6/1/2025 0:00,Egyption,Hybird,Full Time,Cairo,120000,EGP,120000,Fullstack,10
Soc Analyst,8month,10,7/17/2025 0:00,Egyption,Remotley,Full Time,Cairo ,10000,EGP,10000,Other,0.5
Soc Analyst,5,65K,7/19/2025 0:00,Egyption,On Site,Full Time,Cairo,65000,EGP,65000,Other,5
Soc Analyst T 1,3 years,30 k ,1/1/2025 0:00,Egyption,Hybird,Full Time,Cairo,30000,EGP,30000,Other,3
Soc Analyst Tier1,1,20500,7/17/2025 0:00,Not Egyption but site in egypt,Hybird,Full Time,Cairo,20500,EGP,20500,Other,1
Social Media Marketing Executive,4,14000,7/5/2025 0:00,Not Egyption but site in egypt,On Site,Full Time,,14000,EGP,14000,Other,4
Software,7,1300 usd,2/1/2025 0:00,Not Egyption but site in egypt,Hybird,Full Time,Cairo ,1300,USD,63102,Testing,7
Software Developer,2,32,7/26/2025 0:00,Not Egyption but site in egypt,Hybird,Full Time,"Cairo, Saudi Arabia ",32000,EGP,32000,Other,2
Software Developer,3,22000,7/1/2025 0:00,Egyption,Remotley,Full Time,Manama,22000,EGP,22000,Other,3
Software Developer,4,75000,6/28/2025 0:00,Egyption,Hybird,Full Time,Cairo,75000,EGP,75000,Other,4
Software Developer(.Net),2,21000,5/1/2025 0:00,Egyption,Hybird,Full Time,Cairo ,21000,EGP,21000,Backend,2
Software Development And Cybersecurity Specialist,1,40000,7/19/2025 0:00,Egyption,Remotley,Full Time,Cairo,40000,EGP,40000,Security,1
Software Engineer,0 (~1),~2500 USD (2496 USD),7/18/2025 0:00,Not Egyption and site out of egypt,Remotley,Full Time,USA,2500,USD,121350,Other,0
Software Engineer,0.5,25000,6/30/2025 0:00,Not Egyption but site in egypt,Remotley,Full Time,Cairo,25000,EGP,25000,Other,0.5
Software Engineer,1,12000,7/1/2025 0:00,Not Egyption but site in egypt,Hybird,Full Time,Alexandria ,12000,EGP,12000,Other,1
Software Engineer,1,17000,7/19/2025 0:00,Egyption,On Site,Full Time,Cairo,17000,EGP,17000,Other,1
Software Engineer,1,18000,3/1/2025 0:00,Not Egyption and site out of egypt,Remotley,Full Time,Dubai,18000,EGP,18000,Other,1
Software Engineer,1,20000,7/1/2025 0:00,Egyption,On Site,Full Time,Alexandria ,20000,EGP,20000,Other,1
Software Engineer,< 1,20000,10/10/2024 0:00,Egyption,Hybird,Part Time,Alexandria,20000,EGP,20000,Other,1
Software Engineer,1,30000,7/17/2025 0:00,Egyption,Hybird,Part Time,Alexandria,30000,EGP,30000,Other,1
Software Engineer,less than 1,650 usd,7/16/2025 0:00,Egyption,Remotley,Full Time,Alexandria,650,USD,31551,Other,1
Software Engineer,1,35000,7/29/2025 0:00,Egyption,On Site,Full Time,Alexandria,35000,EGP,35000,Other,1
Software Engineer,1,36000,1/1/2025 0:00,Egyption,Remotley,Full Time,Cairo,36000,EGP,36000,Other,1
Software Engineer,1,36000,11/15/2025 0:00,Egyption,On Site,Full Time,Alexandria,36000,EGP,36000,Other,1
Software Engineer,1,40000,7/1/2025 0:00,Not Egyption but site in egypt,Hybird,Full Time,Cairo,40000,EGP,40000,Other,1
Software Engineer,2,12000,7/19/2025 0:00,Egyption,On Site,Full Time,Cairo,12000,EGP,12000,Other,2
Software Engineer,2,20000,6/15/2025 0:00,Egyption,On Site,Full Time,Giza,20000,EGP,20000,Other,2
Software Engineer,2,30,7/16/2025 0:00,Not Egyption but site in egypt,Remotley,Full Time,United Arab Emirates ,30000,EGP,30000,Other,2
Software Engineer,2,35000,1/1/2025 0:00,Not Egyption but site in egypt,Hybird,Full Time,Cairo,35000,EGP,35000,Other,2
Software Engineer,2,45000,2/16/2025 0:00,Not Egyption and site out of egypt,Remotley,Full Time,uk,45000,EGP,45000,Other,2
Software Engineer,2,1000$,7/16/2025 0:00,Not Egyption and site out of egypt,Remotley,Full Time,USA ,1000,USD,48540,Other,2
Software Engineer,2,100000,7/16/2025 0:00,Not Egyption and site out of egypt,Remotley,Full Time,Riyadh,100000,EGP,100000,Other,2
Software Engineer,2.5,28000,7/17/2025 0:00,Not Egyption but site in egypt,Hybird,Full Time,,28000,EGP,28000,Other,2.5
Software Engineer,3,30000,4/1/2025 0:00,Egyption,Remotley,Full Time,Cairo,30000,EGP,30000,Other,3
Software Engineer,3,37000,7/15/2000 0:00,Egyption,On Site,Full Time,Cairo,37000,EGP,37000,Other,3
Software Engineer,3,45000,8/1/2025 0:00,Egyption,Hybird,Full Time,"6 October, Giza",45000,EGP,45000,Other,3
Software Engineer,3,1400 USD,7/3/2025 0:00,Not Egyption and site out of egypt,Remotley,Full Time,California,1400,USD,67956,Other,3
Software Engineer,3,80000,1/1/2025 0:00,Not Egyption but site in egypt,Hybird,Full Time,Cairo,80000,EGP,80000,Other,3
Software Engineer,4,50000,10/15/2024 0:00,Egyption,Hybird,Full Time,Cairo,50000,EGP,50000,Other,4
Software Engineer,4,85000,7/18/2025 0:00,Egyption,Remotley,Full Time,Cairo,85000,EGP,85000,Other,4
Software Engineer,5,100000,7/25/2025 0:00,Not Egyption but site in egypt,Hybird,Full Time,Cairo,100000,EGP,100000,Other,5
Software Engineer,6,63k,7/1/2025 0:00,Not Egyption but site in egypt,Remotley,Full Time,Riyadh,63000,EGP,63000,Other,6
Software Engineer,6,2100 USD,7/16/2025 0:00,Not Egyption but site in egypt,Hybird,Full Time,Cairo,2100,USD,101934,Other,6
Software Engineer,6,4000 EUR,8/1/2023 0:00,Not Egyption and site out of egypt,Remotley,Full Time,Zurich,4000,EUR,225960,Other,6
Software Engineer,9,3200,7/1/2025 0:00,Not Egyption but site in egypt,Remotley,Full Time,Riyad ,3200,USD,155328,Other,9
Software Engineer,10,"Net Monthly 105,000. With bonuses at year end. 130000",7/20/2025 0:00,Not Egyption but site in egypt,Hybird,Full Time,Cairo,105000,EGP,105000,Other,10
Software Engineer,11,1750 USD,7/17/2025 0:00,Not Egyption but site in egypt,Remotley,Full Time,USA,1750,USD,84945,Other,11
Software Engineer (.Net Stack),2,1300 USD,7/17/2025 0:00,Not Egyption and site out of egypt,Remotley,Full Time,USA,1300,USD,63102,Backend,2
Software Engineer (Backend),5,2500 Euro,7/26/2025 0:00,Not Egyption but site in egypt,Hybird,Full Time,Munich,2500,EUR,141225,Backend,5
Software Engineer (Full Stack),4,95000,7/25/2025 0:00,Not Egyption but site in egypt,Hybird,Full Time,Cairo,95000,EGP,95000,Fullstack,4
Software Engineer (Java),2.5,31000,1/1/2025 0:00,Egyption,Hybird,Full Time,"Giza, 6th of October",31000,EGP,31000,Other,2.5
Software Engineer 2 (Front-End Developer),4,€1300 Gross,6/1/2025 0:00,Not Egyption and site out of egypt,Remotley,Full Time,"Berlin, Germany",1300,EUR,73437,Frontend,4
Software Engineer Ii ( Fullstack .Net Developer ),1.5,30000,7/1/2025 0:00,Egyption,Hybird,Full Time,Cairo ,30000,EGP,30000,Fullstack,1.5
Software Engineer Intern,0,5000,7/17/2025 0:00,Not Egyption but site in egypt,On Site,Full Time,Cairo,5000,EGP,5000,Other,0
Software Engineer Machine Learning,0,25000,7/20/2025 0:00,Not Egyption but site in egypt,Hybird,Full Time,Cairo,25000,EGP,25000,Other,0
"Software Engineer( Mobile React Native , Backend Django)",1,400$ with bonus ,7/16/2025 0:00,Not Egyption but site in egypt,Hybird,Full Time,"Cairo , Switzerland ",400,USD,19416,Mobile,1
Software Engineer(Backend),8,174000,1/20/2025 0:00,Not Egyption and site out of egypt,On Site,Full Time,Amman,174000,EGP,174000,Backend,8
Software Engineering Intern,1,10000,7/31/2025 0:00,Not Egyption but site in egypt,Hybird,Full Time,Cairo,10000,EGP,10000,Other,1
Software Qc Engineer,0.5,25000,7/29/2025 0:00,Not Egyption but site in egypt,Hybird,Full Time,Cairo,25000,EGP,25000,Testing,0.5
Software Qc Engineer,1,700 usd,6/1/2025 0:00,Not Egyption but site in egypt,Hybird,Full Time,Alexandria,700,USD,33978,Testing,1
Software Qc Engineer,1.5,13000,2/1/2025 0:00,Egyption,Hybird,Full Time,Cairo,13000,EGP,13000,Testing,1.5
Software Qc Engineer,3,30000,2/1/2025 0:00,Egyption,Hybird,Full Time,"Cairo, nasr city",30000,EGP,30000,Testing,3
Software Quality Control,1.5,20000,6/1/2025 0:00,Egyption,Remotley,Full Time,Cairo,20000,EGP,20000,IT,1.5
Software Quality Control,3,1200 USD,1/1/2025 0:00,Not Egyption but site in egypt,Remotley,Full Time,Cairo and riyadh,1200,USD,58248,IT,3
Software Quality Control Engineer,4,55000,9/1/2025 0:00,Not Egyption but site in egypt,Hybird,Full Time,Giza,55000,EGP,55000,IT,4
Software Quality Control Tester,4,690$ ~ 35000 EGP,7/31/2025 0:00,Not Egyption but site in egypt,Hybird,Full Time,"Cairo ,KSA",690,USD,33492.6,IT,4
Software Test Engineer,2,18000,8/1/2025 0:00,Not Egyption but site in egypt,On Site,Full Time,cairo,18000,EGP,18000,Testing,2
Software Test Engineer,2,35000,8/1/2025 0:00,Not Egyption but site in egypt,Hybird,Full Time,Cairo,35000,EGP,35000,Testing,2
Software Tester,0,19000,6/25/2025 0:00,Not Egyption but site in egypt,Hybird,Full Time,Cairo,19000,EGP,19000,Testing,0
Software Tester,1 year ,11000,10/15/2024 0:00,Egyption,On Site,Full Time,"Cairo, Nasr City ",11000,EGP,11000,Testing,1
Software Tester,1,12500,3/9/2025 0:00,Egyption,Remotley,Full Time,,12500,EGP,12500,Testing,1
Software Tester,1,15000,7/16/2025 0:00,Not Egyption but site in egypt,Hybird,Full Time,Alexandria,15000,EGP,15000,Testing,1
Software Tester,1.5,17000,6/1/2025 0:00,Egyption,Remotley,Full Time,Cairo,17000,EGP,17000,Testing,1.5
Software Tester,3,40000,7/1/2025 0:00,Not Egyption but site in egypt,Hybird,Full Time,,40000,EGP,40000,Testing,3
Software Tester,6,60000,3/1/2025 0:00,Egyption,Hybird,Full Time,Cairo,60000,EGP,60000,Testing,6
Software Tester/Qa Engineer,1-2 year,300$,7/30/2025 0:00,Not Egyption but site in egypt,Remotley,Full Time,Cairo,300,USD,14562,Testing,1
Software Testing,<1,600 usd,1/10/2025 0:00,Not Egyption but site in egypt,Remotley,Full Time,Cairo,600,USD,29124,Testing,1
Software Testing Engineer,0.5,9000,7/1/2025 0:00,Not Egyption but site in egypt,Hybird,Part Time,Cairo,9000,EGP,9000,Testing,0.5
Software Testing Engineer,less than a year,6000,12/1/2024 0:00,Egyption,On Site,Full Time,Mansoura,6000,EGP,6000,Testing,0
Softwares Tester,3,9000,6/30/2025 0:00,Not Egyption but site in egypt,On Site,Full Time,Mansoura ,9000,EGP,9000,Testing,3
Solution Architect,8,120000,6/27/2025 0:00,Not Egyption and site out of egypt,On Site,Full Time,Riyhad,120000,EGP,120000,IT,8
Solutions Engineer,3,15000,7/17/2025 0:00,Not Egyption and site out of egypt,Remotley,Full Time,Dubai,15000,EGP,15000,Testing,3
Sql Dba | Oci Admin,2,17000,7/17/2025 0:00,Egyption,On Site,Full Time,Cairo,17000,EGP,17000,Data-Science,2
Sr. Frontend Developer,3.6,950 usd,1/1/2025 0:00,Not Egyption but site in egypt,Remotley,Full Time,,950,USD,46113,Frontend,3.5
Sr. Ui/Ux Designer | Product Designer,5,1100,7/22/2025 0:00,Egyption,Remotley,Full Time,Cairo ,1100,USD,53394,UI UX,5
Sr.Dynamics Consultant,4,27000,1/30/2025 0:00,Not Egyption but site in egypt,Hybird,Full Time,Saudi,27000,EGP,27000,Other,4
Staff Software Developer,7,80000 net,2/2/2025 0:00,Egyption,Hybird,Full Time,Cairo ,80000,EGP,80000,Other,7
Storage&Backup Admin,3,25,7/25/2025 0:00,Egyption,On Site,Full Time,Cairo ,25000,EGP,25000,Other,3
Structural Steel Detailer,3.5,15000,4/4/1997 0:00,Egyption,On Site,Full Time,Alexandria,15000,EGP,15000,Engineering,3.5
Supervisor Telesales,7,12000,7/18/2025 0:00,Egyption,On Site,Full Time,Cairo,12000,EGP,12000,Other,7
Surveying Engineer,2,6900,6/25/2025 0:00,Egyption,On Site,Full Time,Cairo ,6900,EGP,6900,Other,2
Sw Testing Engineer,1,35000,7/16/2025 0:00,Not Egyption but site in egypt,Hybird,Full Time,Cairo,35000,EGP,35000,Testing,1
Swe Intern,0,10000,7/1/2025 0:00,Not Egyption but site in egypt,Hybird,Full Time,Cairo,10000,EGP,10000,Other,0
System Administrator,2,7500,6/8/2025 0:00,Egyption,On Site,Full Time,Cairo,7500,EGP,7500,Other,2
System Administrator,4,33000,7/17/2025 0:00,Egyption,On Site,Full Time,Cairo ,33000,EGP,33000,Other,4
Teaching Assistant,2,16000,7/17/2025 0:00,Egyption,On Site,Full Time,New Administrative capital ,16000,EGP,16000,Other,2
Teaching Assistant,3,16000,7/23/2025 0:00,Egyption,On Site,Full Time,cairo,16000,EGP,16000,Other,3
Tech Lead Manager,8,68000,1/1/2025 0:00,Egyption,Hybird,Full Time,Cairo,68000,EGP,68000,Other,8
"Technical Lead, Backend And Devops",3,100000,3/1/2025 0:00,Egyption,Hybird,Full Time,Giza,100000,EGP,100000,Backend,3
Technical Office Engineer,4,19000,7/1/2025 0:00,Egyption,On Site,Full Time,Cairo ,19000,EGP,19000,IT,4
Technical Specialist-Automation,2,27000,6/1/2025 0:00,Not Egyption and site out of egypt,Remotley,Full Time,Riyadh,27000,EGP,27000,IT,2
Technical Support,0,50000,7/1/2025 0:00,Egyption,Hybird,Full Time,Maadi ,50000,EGP,50000,IT,0
Technical Support Engineer,2,12000,7/17/2025 0:00,Egyption,Hybird,Full Time,Cario,12000,EGP,12000,IT,2
Technical Support Manager,4,24150,1/1/2025 0:00,Not Egyption but site in egypt,On Site,Full Time,AL- Sheikh Zayed ,24150,EGP,24150,IT,4
Technical Support Specialist,5,7500,7/17/2025 0:00,Egyption,On Site,Full Time,We,7500,EGP,7500,IT,5
Technical Talent Acquisition Coordinator,1 year,16000,1/6/2025 0:00,Egyption,Hybird,Full Time,Cairo ,16000,EGP,16000,IT,1
Technical Talent Acquisition Specialist,almost 2 years,13k,6/29/2025 0:00,Egyption,On Site,Full Time,cairo,13000,EGP,13000,IT,0
Technical Team Lead,8,90000,7/27/2025 0:00,Not Egyption but site in egypt,Hybird,Full Time,Alexandria,90000,EGP,90000,IT,8
Telecom Engineer,1.5,12000,1/31/2025 0:00,Egyption,On Site,Full Time,Cairo ,12000,EGP,12000,IT,1.5
Test Automation Engineer,3,75000,3/2/2025 0:00,Not Egyption but site in egypt,Hybird,Full Time,Cairo,75000,EGP,75000,Testing,3
Testing Intern,0,200$,6/1/2025 0:00,Not Egyption but site in egypt,On Site,Full Time,New Cairo,200,USD,9708,Testing,0
Uat  Specialist,3,16.8,7/17/2025 0:00,Egyption,Hybird,Full Time,Cairo,16800,EGP,16800,Other,3
Ui Ux Designer,1 year,6000,3/1/2025 0:00,Egyption,On Site,Full Time,Mansoura ,6000,EGP,6000,UI UX,1
Ui/Ux Designer,3,18000,7/17/2025 0:00,Not Egyption and site out of egypt,Remotley,Full Time,Dubai,18000,EGP,18000,UI UX,3
Ui\Ux Designer,2,15.2,7/25/2025 0:00,Egyption,Hybird,Full Time,cairo,15200,EGP,15200,UI UX,2
University Lecturer,10,18000,2/28/2015 0:00,Egyption,On Site,Full Time,Giza,18000,EGP,18000,IT,10
Ux Intern,1,5000 egp,7/1/2025 0:00,Not Egyption but site in egypt,Hybird,Full Time,Cairo ,5000,EGP,5000,UI UX,1
Ux/Ui Designer,1.5,8000,5/31/2025 0:00,Egyption,On Site,Full Time,Cairo,8000,EGP,8000,UI UX,1.5
Vue Front-End Developer,4,22000,4/1/2025 0:00,Egyption,Hybird,Full Time,Cairo,22000,EGP,22000,Frontend,4
Warehouse Manager,7,25k net ,1/2/2025 0:00,Egyption,On Site,Full Time,Giza ,25000,EGP,25000,Other,7
Web Developer,0,8500,1/1/2025 0:00,Egyption,Remotley,Full Time,,8500,EGP,8500,Other,0
Web Scraping Specialist,5,1500 $,3/15/2023 0:00,Not Egyption and site out of egypt,Hybird,Full Time,Kuwait ,1500,USD,72810,Other,5
Wordpress Developer,2,10000,10/1/2024 0:00,Egyption,Remotley,Full Time,Cairo,10000,EGP,10000,Frontend,2
Wordpress Deveolper,1,9000,7/1/2025 0:00,Egyption,Remotley,Full Time,cairo,9000,EGP,9000,Frontend,1
